realization,file,bytes,numeric_value_count,minimum,maximum,mean
1,PERM1_ECL.INC,845524,75600,5.4,7000.0,794.4382566137566
2,PERM2_ECL.INC,845521,75600,4.0,7000.0,829.4940145502645
3,PERM3_ECL.INC,845521,75600,5.4,7000.0,834.514541005291
4,PERM4_ECL.INC,845521,75600,7.6,7000.0,861.0950066137566
5,PERM5_ECL.INC,845521,75600,6.1,7000.0,913.402242063492
6,PERM6_ECL.INC,845521,75600,1.6,7000.0,842.148201058201
7,PERM7_ECL.INC,845521,75600,5.4,7000.0,814.6667989417989
8,PERM8_ECL.INC,845521,75600,6.6,7000.0,834.3808492063492
9,PERM9_ECL.INC,845521,75600,2.5,7000.0,781.4827764550264
10,PERM10_ECL.INC,845521,75600,3.1,7000.0,808.8982473544974
11,PERM11_ECL.INC,845521,75600,5.9,7000.0,885.5049947089947
12,PERM12_ECL.INC,845521,75600,7.3,7000.0,847.4164523809524
13,PERM13_ECL.INC,845521,75600,5.1,7000.0,779.2303650793651
14,PERM14_ECL.INC,845521,75600,5.0,7000.0,777.4010277777778
15,PERM15_ECL.INC,845521,75600,4.8,7000.0,883.6556984126984
16,PERM16_ECL.INC,845521,75600,5.8,7000.0,882.2940608465608
17,PERM17_ECL.INC,845521,75600,5.9,7000.0,797.7581322751322
18,PERM18_ECL.INC,845521,75600,3.1,7000.0,808.2565753968254
19,PERM19_ECL.INC,845523,75600,4.9,7000.0,796.4432023809524
20,PERM20_ECL.INC,845521,75600,4.1,7000.0,783.5024907407407
21,PERM21_ECL.INC,845523,75600,4.7,7000.0,806.9937936507936
22,PERM22_ECL.INC,845521,75600,7.2,7000.0,808.6912354497355
23,PERM23_ECL.INC,845521,75600,4.6,7000.0,761.4963108465608
24,PERM24_ECL.INC,845521,75600,6.2,7000.0,814.6127645502645
25,PERM25_ECL.INC,845521,75600,6.5,7000.0,846.979384920635
26,PERM26_ECL.INC,845521,75600,7.7,7000.0,829.5507632275132
27,PERM27_ECL.INC,845521,75600,7.4,7000.0,801.6839642857143
28,PERM28_ECL.INC,845521,75600,6.9,7000.0,736.2389867724868
29,PERM29_ECL.INC,845521,75600,4.7,7000.0,763.3698108465609
30,PERM30_ECL.INC,845521,75600,4.1,7000.0,804.7337248677248
31,PERM31_ECL.INC,845521,75600,7.5,7000.0,809.1012685185185
32,PERM32_ECL.INC,845521,75600,3.0,7000.0,784.9483677248677
33,PERM33_ECL.INC,845521,75600,4.4,7000.0,767.970291005291
34,PERM34_ECL.INC,845521,75600,6.3,7000.0,831.3952208994709
35,PERM35_ECL.INC,845521,75600,4.9,7000.0,852.2821137566137
36,PERM36_ECL.INC,845521,75600,6.6,7000.0,770.2729153439153
37,PERM37_ECL.INC,845521,75600,3.9,7000.0,802.4695661375662
38,PERM38_ECL.INC,845521,75600,3.3,7000.0,776.2126203703704
39,PERM39_ECL.INC,845523,75600,5.6,7000.0,753.9973915343915
40,PERM40_ECL.INC,845523,75600,6.0,7000.0,799.5126005291005
41,PERM41_ECL.INC,845521,75600,4.2,7000.0,840.3630396825397
42,PERM42_ECL.INC,845521,75600,5.3,7000.0,826.0752619047619
43,PERM43_ECL.INC,845521,75600,6.0,7000.0,845.836328042328
44,PERM44_ECL.INC,845521,75600,5.6,7000.0,866.8707354497354
45,PERM45_ECL.INC,845521,75600,5.3,7000.0,854.499585978836
46,PERM46_ECL.INC,845521,75600,0.9,7000.0,799.6972843915345
47,PERM47_ECL.INC,845523,75600,4.6,7000.0,782.4122777777778
48,PERM48_ECL.INC,845521,75600,5.7,7000.0,815.1128174603175
49,PERM49_ECL.INC,845521,75600,3.3,7000.0,795.9904484126984
50,PERM50_ECL.INC,845521,75600,4.5,7000.0,792.1498928571428
51,PERM51_ECL.INC,845521,75600,6.8,7000.0,827.092541005291
52,PERM52_ECL.INC,845521,75600,5.7,7000.0,843.5221626984127
53,PERM53_ECL.INC,845525,75600,2.7,7000.0,782.6150026455027
54,PERM54_ECL.INC,281926,25207,0.1,7000.0,1090.3797675248939
55,PERM55_ECL.INC,845525,75600,4.0,7000.0,790.0738743386244
56,PERM56_ECL.INC,845525,75600,5.1,7000.0,768.0052738095238
57,PERM57_ECL.INC,845525,75600,4.6,7000.0,728.4608095238095
58,PERM58_ECL.INC,845525,75600,2.3,7000.0,730.5320753968253
59,PERM59_ECL.INC,845525,75600,3.8,7000.0,751.3527791005291
60,PERM60_ECL.INC,845525,75600,5.0,7000.0,741.3906838624339
61,PERM61_ECL.INC,845525,75600,5.7,7000.0,789.5377632275132
62,PERM62_ECL.INC,845525,75600,1.8,7000.0,864.8173888888889
63,PERM63_ECL.INC,845525,75600,5.0,7000.0,855.3501071428572
64,PERM64_ECL.INC,845523,75600,3.9,7000.0,818.8116613756614
65,PERM65_ECL.INC,845525,75600,2.4,7000.0,830.2623029100529
66,PERM66_ECL.INC,845525,75600,5.7,7000.0,857.8653201058202
67,PERM67_ECL.INC,845525,75600,6.5,7000.0,851.341302910053
68,PERM68_ECL.INC,845525,75600,3.8,7000.0,820.6868055555556
69,PERM69_ECL.INC,845525,75600,1.3,7000.0,777.5685582010582
70,PERM70_ECL.INC,845525,75600,5.1,7000.0,790.5092817460318
71,PERM71_ECL.INC,845525,75600,6.8,7000.0,867.8768677248678
72,PERM72_ECL.INC,845525,75600,5.7,7000.0,821.3664232804233
73,PERM73_ECL.INC,845525,75600,2.8,7000.0,715.6382367724868
74,PERM74_ECL.INC,845527,75600,4.1,7000.0,778.2154854497355
75,PERM75_ECL.INC,845525,75600,4.8,7000.0,795.05175
76,PERM76_ECL.INC,845525,75600,2.0,7000.0,768.7087605820105
77,PERM77_ECL.INC,845525,75600,4.2,7000.0,789.4863161375662
78,PERM78_ECL.INC,845525,75600,5.8,7000.0,784.7826375661375
79,PERM79_ECL.INC,845525,75600,5.0,7000.0,707.7615158730159
80,PERM80_ECL.INC,845525,75600,1.3,7000.0,740.2409576719576
81,PERM81_ECL.INC,845525,75600,2.7,7000.0,810.6941640211639
82,PERM82_ECL.INC,845525,75600,5.5,7000.0,828.1802658730159
83,PERM83_ECL.INC,845525,75600,4.8,7000.0,816.6066137566138
84,PERM84_ECL.INC,845525,75600,6.4,7000.0,814.1091574074073
85,PERM85_ECL.INC,845525,75600,7.2,7000.0,785.4335833333333
86,PERM86_ECL.INC,845525,75600,5.0,7000.0,759.383541005291
87,PERM87_ECL.INC,845525,75600,3.9,7000.0,785.228962962963
88,PERM88_ECL.INC,845525,75600,1.3,7000.0,777.3049695767196
89,PERM89_ECL.INC,845525,75600,7.1,7000.0,764.1848756613757
90,PERM90_ECL.INC,845525,75600,2.9,7000.0,822.0569907407407
91,PERM91_ECL.INC,845525,75600,4.8,7000.0,793.5045396825398
92,PERM92_ECL.INC,845525,75600,3.1,7000.0,705.8229841269841
93,PERM93_ECL.INC,845525,75600,2.1,7000.0,700.1260965608466
94,PERM94_ECL.INC,845525,75600,5.4,7000.0,725.1367883597884
95,PERM95_ECL.INC,845525,75600,3.6,7000.0,715.9816044973545
96,PERM96_ECL.INC,845525,75600,6.7,7000.0,848.4320634920635
97,PERM97_ECL.INC,845525,75600,4.2,7000.0,877.5880608465608
98,PERM98_ECL.INC,845525,75600,7.6,7000.0,806.5760714285715
99,PERM99_ECL.INC,845525,75600,3.4,7000.0,757.447052910053
100,PERM100_ECL.INC,845525,75600,0.2,7000.0,760.9166455026455
