quantity,keyword,present,source
unit_system,METRIC,True,deck
oil_phase,OIL,True,deck
water_phase,WATER,True,deck
grid_dimensions,DIMENS,True,deck
grid_specification,SPECGRID,True,deck
cell_size_x,DX,True,deck
cell_size_y,DY,True,deck
cell_size_z,DZ,True,deck
top_depth,TOPS,True,deck
active_cells,ACTNUM,True,ACTIVE.INC
net_to_gross,NTG,True,deck
porosity,PORO,True,deck
permeability_x,PERMX,True,mDARCY.INC
permeability_y,PERMY,True,mDARCY.INC:COPY(PERMX->PERMY)
permeability_z,PERMZ,True,"mDARCY.INC:COPY(PERMX->PERMZ);MULTIPLY(PERMZ,0.1)"
oil_pvt,PVCDO,True,deck
water_pvt,PVTW,True,deck
rock_compressibility,ROCK,True,deck
relative_permeability,SWOF,True,deck
equilibrium_initialization,EQUIL,True,deck
well_specs,WELSPECS,True,deck
completions,COMPDAT,True,deck;COMPDAT.INC
producer_controls,WCONPROD,True,deck
injector_controls,WCONINJE,True,SCHEDULE_NEW.INC
schedule,SCHEDULE,True,deck
time_steps,TSTEP,True,SCHEDULE_NEW.INC
