NPD_WELL_BORE_CODE,NPD_WELL_BORE_NAME,Year,Month,daily_On_Stream,daily_Oil,daily_Gas,daily_Water,daily_WI,monthly_On_Stream,monthly_Oil,monthly_Gas,monthly_Water,monthly_WI,_merge,On_Stream_abs_diff,Oil_abs_diff,Gas_abs_diff,Water_abs_diff,WI_abs_diff
5351,15/9-F-14,2008,2,0.0,0.0,0.0,0.0,0.0,0.0,0.0,0.0,0.0,,both,0.0,0.0,0.0,0.0,
5351,15/9-F-14,2008,3,0.0,0.0,0.0,0.0,0.0,0.0,0.0,0.0,0.0,,both,0.0,0.0,0.0,0.0,
5351,15/9-F-14,2008,4,0.0,0.0,0.0,0.0,0.0,0.0,0.0,0.0,0.0,,both,0.0,0.0,0.0,0.0,
5351,15/9-F-14,2008,5,0.0,0.0,0.0,0.0,0.0,0.0,0.0,0.0,0.0,,both,0.0,0.0,0.0,0.0,
5351,15/9-F-14,2008,6,0.0,0.0,0.0,0.0,0.0,0.0,0.0,0.0,0.0,,both,0.0,0.0,0.0,0.0,
5351,15/9-F-14,2008,7,437.57,51285.08,7538861.07,126.17,0.0,437.57,51285.08,7538861.07,126.17,,both,0.0,0.0,0.0,0.0,
5351,15/9-F-14,2008,8,458.4,67621.2,9780532.34,222.53,0.0,458.4,67621.2,9780532.34,222.53,,both,0.0,0.0,0.0,0.0,
5351,15/9-F-14,2008,9,642.70833,114596.26,16340514.75,275.73,0.0,642.70833,114596.26,16340514.75,275.73,,both,0.0,0.0,0.0,0.0,
5351,15/9-F-14,2008,10,742.5,142817.06,20326866.32,101.25,0.0,742.5,142817.06,20326866.32,101.25,,both,0.0,0.0,0.0,0.0,
5351,15/9-F-14,2008,11,717.83333,104409.61,14906020.01,189.89,0.0,717.83333,104409.61,14906020.01,189.89,,both,0.0,0.0,0.0,0.0,
5351,15/9-F-14,2008,12,744.0,110199.28,15956253.45,66.54,0.0,744.0,110199.28,15956253.45,66.54,,both,0.0,0.0,0.0,0.0,
5351,15/9-F-14,2009,1,705.16665,115572.66,16718455.33,977.79,0.0,705.16665,115572.66,16718455.33,977.79,,both,0.0,0.0,0.0,0.0,
5351,15/9-F-14,2009,2,638.41668,113880.98,16254377.44,2529.24,0.0,638.41668,113880.98,16254377.44,2529.24,,both,0.0,0.0,0.0,0.0,
5351,15/9-F-14,2009,3,530.80333,90644.44,12702463.22,1678.17,0.0,530.80333,90644.44,12702463.22,1678.17,,both,0.0,0.0,0.0,0.0,
5351,15/9-F-14,2009,4,537.63334,86944.06,11926656.18,246.47,0.0,537.63334,86944.06,11926656.18,246.47,,both,0.0,0.0,0.0,0.0,
5351,15/9-F-14,2009,5,694.66667,116175.04,15944548.83,3440.05,0.0,694.66667,116175.04,15944548.83,3440.05,,both,0.0,0.0,0.0,0.0,
5351,15/9-F-14,2009,6,691.89998,86654.03,12141881.11,5731.18,0.0,691.89998,86654.03,12141881.11,5731.18,,both,0.0,0.0,0.0,0.0,
5351,15/9-F-14,2009,7,742.16666,64871.82,9127860.49,6772.73,0.0,742.16666,64871.82,9127860.49,6772.73,,both,0.0,0.0,0.0,0.0,
5351,15/9-F-14,2009,8,656.82498,112493.5,15664621.81,20793.78,0.0,656.82498,112493.5,15664621.81,20793.78,,both,0.0,0.0,0.0,0.0,
5351,15/9-F-14,2009,9,509.07501,90349.8,12564633.24,15274.84,0.0,509.07501,90349.8,12564633.24,15274.84,,both,0.0,0.0,0.0,0.0,
5351,15/9-F-14,2009,10,655.42499,96707.32,13556584.82,26099.06,0.0,655.42499,96707.32,13556584.82,26099.06,,both,0.0,0.0,0.0,0.0,
5351,15/9-F-14,2009,11,709.25001,98043.5,13821883.66,39016.45,0.0,709.25001,98043.5,13821883.66,39016.45,,both,0.0,0.0,0.0,0.0,
5351,15/9-F-14,2009,12,726.66667,89514.35,12552907.78,56173.42,0.0,726.66667,89514.35,12552907.78,56173.42,,both,0.0,0.0,0.0,0.0,
5351,15/9-F-14,2010,1,742.16666,82221.25,11561301.92,70004.16,0.0,742.16666,82221.25,11561301.92,70004.16,,both,0.0,0.0,0.0,0.0,
5351,15/9-F-14,2010,2,610.175,62092.98,8751248.29,62000.25,0.0,610.175,62092.98,8751248.29,62000.25,,both,0.0,0.0,0.0,0.0,
5351,15/9-F-14,2010,3,654.10832,66989.25,9421805.36,64560.85,0.0,654.10832,66989.25,9421805.36,64560.85,,both,0.0,0.0,0.0,0.0,
5351,15/9-F-14,2010,4,679.80833,73035.81,10288470.42,69865.31,0.0,679.80833,73035.81,10288470.42,69865.31,,both,0.0,0.0,0.0,0.0,
5351,15/9-F-14,2010,5,740.16667,87809.28,12490295.91,85315.44,0.0,740.16667,87809.28,12490295.91,85315.44,,both,0.0,0.0,0.0,0.0,
5351,15/9-F-14,2010,6,717.75,75309.81999999999,10756576.8,96580.92,0.0,717.75,75309.82,10756576.8,96580.92,,both,0.0,1.4551915228366852e-11,0.0,0.0,
5351,15/9-F-14,2010,7,742.41667,69600.25,10073534.35,101216.35,0.0,742.41667,69600.25,10073534.35,101216.35,,both,0.0,0.0,0.0,0.0,
5351,15/9-F-14,2010,8,425.1,38413.73,5543252.28,56452.9,0.0,425.1,38413.73,5543252.28,56452.9,,both,0.0,0.0,0.0,0.0,
5351,15/9-F-14,2010,9,566.14999,55405.21,8260552.19,66506.82,0.0,566.14999,55405.21,8260552.19,66506.82,,both,0.0,0.0,0.0,0.0,
5351,15/9-F-14,2010,10,743.16666,78755.31,11853846.58,100949.14,0.0,743.16666,78755.31,11853846.58,100949.14,,both,0.0,0.0,0.0,0.0,
5351,15/9-F-14,2010,11,683.41667,62555.48,9485348.68,96969.98,0.0,683.41667,62555.48,9485348.68,96969.98,,both,0.0,0.0,0.0,0.0,
5351,15/9-F-14,2010,12,741.5,63886.23,9763159.53,111640.46,0.0,741.5,63886.23,9763159.53,111640.46,,both,0.0,0.0,0.0,0.0,
5351,15/9-F-14,2011,1,744.0,61328.45,9353204.41,111168.02,0.0,744.0,61328.45,9353204.41,111168.02,,both,0.0,0.0,0.0,0.0,
5351,15/9-F-14,2011,2,561.5,44066.31,6830109.59,79492.13,0.0,561.5,44066.31,6830109.59,79492.13,,both,0.0,0.0,0.0,0.0,
5351,15/9-F-14,2011,3,732.5,56709.96,8733754.97,117498.23,0.0,732.5,56709.96,8733754.97,117498.23,,both,0.0,0.0,0.0,0.0,
5351,15/9-F-14,2011,4,717.66667,51814.24,8052242.88,122053.6,0.0,717.66667,51814.24,8052242.88,122053.6,,both,0.0,0.0,0.0,0.0,
5351,15/9-F-14,2011,5,741.25,51121.62,7972927.68,129331.86,0.0,741.25,51121.62,7972927.68,129331.86,,both,0.0,0.0,0.0,0.0,
5351,15/9-F-14,2011,6,465.175,31194.510000000002,4835912.15,81258.77,0.0,465.175,31194.51,4835912.15,81258.77,,both,0.0,3.637978807091713e-12,0.0,0.0,
5351,15/9-F-14,2011,7,254.50833,20211.31,3064565.93,42012.13,0.0,254.50833,20211.31,3064565.93,42012.13,,both,0.0,0.0,0.0,0.0,
5351,15/9-F-14,2011,8,652.325,49730.28,7681607.89,108934.77,0.0,652.325,49730.28,7681607.89,108934.77,,both,0.0,0.0,0.0,0.0,
5351,15/9-F-14,2011,9,708.0,51053.13,8021384.18,133957.61,0.0,708.0,51053.13,8021384.18,133957.61,,both,0.0,0.0,0.0,0.0,
5351,15/9-F-14,2011,10,327.07499,21807.23,3406338.4,56487.87,0.0,327.07499,21807.23,3406338.4,56487.87,,both,0.0,0.0,0.0,0.0,
5351,15/9-F-14,2011,11,464.30833,35043.89,5381237.58,73586.39,0.0,464.30833,35043.89,5381237.58,73586.39,,both,0.0,0.0,0.0,0.0,
5351,15/9-F-14,2011,12,436.65001,34166.4,5142969.72,74442.9,0.0,436.65001,34166.4,5142969.72,74442.9,,both,0.0,0.0,0.0,0.0,
5351,15/9-F-14,2012,1,363.81667,27309.23,4156158.72,57518.38,0.0,363.81667,27309.23,4156158.72,57518.38,,both,0.0,0.0,0.0,0.0,
5351,15/9-F-14,2012,2,692.66666,36797.659999999996,5598558.93,55275.84,0.0,692.66666,36797.66,5598558.93,55275.84,,both,0.0,7.275957614183426e-12,0.0,0.0,
5351,15/9-F-14,2012,3,740.83334,34745.590000000004,5378188.67,60225.91,0.0,740.83334,34745.59,5378188.67,60225.91,,both,0.0,7.275957614183426e-12,0.0,0.0,
5351,15/9-F-14,2012,4,720.0,36509.79,5673229.82,72811.24,0.0,720.0,36509.79,5673229.82,72811.24,,both,0.0,0.0,0.0,0.0,
5351,15/9-F-14,2012,5,741.08334,35051.96,5495387.93,82877.31,0.0,741.08334,35051.96,5495387.93,82877.31,,both,0.0,0.0,0.0,0.0,
5351,15/9-F-14,2012,6,711.16667,31665.55,4980411.28,80184.2,0.0,711.16667,31665.55,4980411.28,80184.2,,both,0.0,0.0,0.0,0.0,
5351,15/9-F-14,2012,7,744.0,32960.7,5181262.48,83969.56,0.0,744.0,32960.7,5181262.48,83969.56,,both,0.0,0.0,0.0,0.0,
5351,15/9-F-14,2012,8,288.625,12689.84,1974233.52,33257.32,0.0,288.625,12689.84,1974233.52,33257.32,,both,0.0,0.0,0.0,0.0,
5351,15/9-F-14,2012,9,30.78333,1655.0800000000002,245981.03000000003,2918.1899999999996,0.0,30.78333,1655.08,245981.03,2918.19,,both,0.0,2.2737367544323206e-13,2.9103830456733704e-11,4.547473508864641e-13,
5351,15/9-F-14,2012,10,610.175,33944.02,5155057.85,60061.38,0.0,610.175,33944.02,5155057.85,60061.38,,both,0.0,0.0,0.0,0.0,
5351,15/9-F-14,2012,11,720.0,34931.66,5485685.31,87226.64,0.0,720.0,34931.66,5485685.31,87226.64,,both,0.0,0.0,0.0,0.0,
5351,15/9-F-14,2012,12,710.99999,30122.89,4854889.04,93523.46,0.0,710.99999,30122.89,4854889.04,93523.46,,both,0.0,0.0,0.0,0.0,
5351,15/9-F-14,2013,1,744.0,30184.8,4834717.2,99784.43,0.0,744.0,30184.8,4834717.2,99784.43,,both,0.0,0.0,0.0,0.0,
5351,15/9-F-14,2013,2,667.91667,26595.53,4196331.85,92120.59,0.0,667.91667,26595.53,4196331.85,92120.59,,both,0.0,0.0,0.0,0.0,
5351,15/9-F-14,2013,3,508.30167,18816.52,2783792.79,70618.72,0.0,508.30167,18816.52,2783792.79,70618.72,,both,0.0,0.0,0.0,0.0,
5351,15/9-F-14,2013,4,557.33333,22875.420000000002,3676256.95,79450.26,0.0,557.33333,22875.42,3676256.95,79450.26,,both,0.0,3.637978807091713e-12,0.0,0.0,
5351,15/9-F-14,2013,5,733.50001,27661.53,4525932.12,109553.2,0.0,733.50001,27661.53,4525932.12,109553.2,,both,0.0,0.0,0.0,0.0,
5351,15/9-F-14,2013,6,630.08333,22298.26,3652742.89,93413.24,0.0,630.08333,22298.26,3652742.89,93413.24,,both,0.0,0.0,0.0,0.0,
5351,15/9-F-14,2013,7,660.84167,22602.78,3553396.55,94589.45,0.0,660.84167,22602.78,3553396.55,94589.45,,both,0.0,0.0,0.0,0.0,
5351,15/9-F-14,2013,8,687.825,21666.9,3259563.55,91453.17,0.0,687.825,21666.9,3259563.55,91453.17,,both,0.0,0.0,0.0,0.0,
5351,15/9-F-14,2013,9,626.825,17870.72,2707856.27,92677.05,0.0,626.825,17870.72,2707856.27,92677.05,,both,0.0,0.0,0.0,0.0,
5351,15/9-F-14,2013,10,658.66666,18441.11,2757135.18,96753.57,0.0,658.66666,18441.11,2757135.18,96753.57,,both,0.0,0.0,0.0,0.0,
5351,15/9-F-14,2013,11,681.25,19248.66,2853579.7,103737.87,0.0,681.25,19248.66,2853579.7,103737.87,,both,0.0,0.0,0.0,0.0,
5351,15/9-F-14,2013,12,630.08333,15495.97,2330523.9899999998,97307.32,0.0,630.08333,15495.97,2330523.99,97307.32,,both,0.0,0.0,4.656612873077393e-10,0.0,
5351,15/9-F-14,2014,1,673.25,16686.58,2426753.21,106725.74,0.0,673.25,16686.58,2426753.21,106725.74,,both,0.0,0.0,0.0,0.0,
5351,15/9-F-14,2014,2,598.60834,14766.13,2161271.57,96430.28,0.0,598.60834,14766.13,2161271.57,96430.28,,both,0.0,0.0,0.0,0.0,
5351,15/9-F-14,2014,3,677.16666,14954.84,2196383.02,101501.18,0.0,677.16666,14954.84,2196383.02,101501.18,,both,0.0,0.0,0.0,0.0,
5351,15/9-F-14,2014,4,701.45833,16572.24,2398888.09,104862.29,0.0,701.45833,16572.24,2398888.09,104862.29,,both,0.0,0.0,0.0,0.0,
5351,15/9-F-14,2014,5,701.5,13637.02,1943519.3699999999,98851.21,0.0,701.5,13637.02,1943519.37,98851.21,,both,0.0,0.0,2.3283064365386963e-10,0.0,
5351,15/9-F-14,2014,6,710.0,13257.99,1951326.48,103420.97,0.0,710.0,13257.99,1951326.48,103420.97,,both,0.0,0.0,0.0,0.0,
5351,15/9-F-14,2014,7,743.08334,13495.98,2012912.6400000001,99765.12,0.0,743.08334,13495.98,2012912.64,99765.12,,both,0.0,0.0,2.3283064365386963e-10,0.0,
5351,15/9-F-14,2014,8,599.78333,8443.73,1333766.6400000001,82815.84,0.0,599.78333,8443.73,1333766.64,82815.84,,both,0.0,0.0,2.3283064365386963e-10,0.0,
5351,15/9-F-14,2014,9,689.66666,9622.21,1516704.37,97941.37,0.0,689.66666,9622.21,1516704.37,97941.37,,both,0.0,0.0,0.0,0.0,
5351,15/9-F-14,2014,10,745.0,10076.22,1558794.24,104963.4,0.0,745.0,10076.22,1558794.24,104963.4,,both,0.0,0.0,0.0,0.0,
5351,15/9-F-14,2014,11,708.5,10386.41,1643092.74,103384.87,0.0,708.5,10386.41,1643092.74,103384.87,,both,0.0,0.0,0.0,0.0,
5351,15/9-F-14,2014,12,740.83334,9665.11,1601950.3,100254.94,0.0,740.83334,9665.11,1601950.3,100254.94,,both,0.0,0.0,0.0,0.0,
5351,15/9-F-14,2015,1,718.13333,9120.98,1357132.6,95024.85,0.0,718.13333,9120.98,1357132.6,95024.85,,both,0.0,0.0,0.0,0.0,
5351,15/9-F-14,2015,2,655.05833,7178.8,1092571.04,91844.46,0.0,655.05833,7178.8,1092571.04,91844.46,,both,0.0,0.0,0.0,0.0,
5351,15/9-F-14,2015,3,744.0,8069.04,1195524.25,107454.33,0.0,744.0,8069.04,1195524.25,107454.33,,both,0.0,0.0,0.0,0.0,
5351,15/9-F-14,2015,4,720.0,7687.2,1121236.5,101303.06,0.0,720.0,7687.2,1121236.5,101303.06,,both,0.0,0.0,0.0,0.0,
5351,15/9-F-14,2015,5,744.0,7147.79,1042506.82,102927.47,0.0,744.0,7147.79,1042506.82,102927.47,,both,0.0,0.0,0.0,0.0,
5351,15/9-F-14,2015,6,718.81667,6069.93,889055.86,100367.07,0.0,718.81667,6069.93,889055.86,100367.07,,both,0.0,0.0,0.0,0.0,
5351,15/9-F-14,2015,7,741.04194,6720.74,999142.24,96224.54,0.0,741.04194,6720.74,999142.24,96224.54,,both,0.0,0.0,0.0,0.0,
5351,15/9-F-14,2015,8,629.39181,4876.31,737504.53,79596.64,0.0,629.39181,4876.31,737504.53,79596.64,,both,0.0,0.0,0.0,0.0,
5351,15/9-F-14,2015,9,719.07486,5300.41,799234.86,84511.31,0.0,719.07486,5300.41,799234.86,84511.31,,both,0.0,0.0,0.0,0.0,
5351,15/9-F-14,2015,10,741.91667,5634.86,863230.28,97864.97,0.0,741.91667,5634.86,863230.28,97864.97,,both,0.0,0.0,0.0,0.0,
5351,15/9-F-14,2015,11,719.50001,5431.56,835108.42,96061.08,0.0,719.50001,5431.56,835108.42,96061.08,,both,0.0,0.0,0.0,0.0,
5351,15/9-F-14,2015,12,740.5,5158.09,790131.36,94593.75,0.0,740.5,5158.09,790131.36,94593.75,,both,0.0,0.0,0.0,0.0,
5351,15/9-F-14,2016,1,736.33332,4606.3,721123.87,97147.72,0.0,736.33332,4606.3,721123.87,97147.72,,both,0.0,0.0,0.0,0.0,
5351,15/9-F-14,2016,2,695.58333,3941.77,621658.73,86357.85,0.0,695.58333,3941.77,621658.73,86357.85,,both,0.0,0.0,0.0,0.0,
5351,15/9-F-14,2016,3,737.66666,3753.8,604911.16,98119.24,0.0,737.66666,3753.8,604911.16,98119.24,,both,0.0,0.0,0.0,0.0,
5351,15/9-F-14,2016,4,715.83333,3112.41,514414.42,91934.95,0.0,715.83333,3112.41,514414.42,91934.95,,both,0.0,0.0,0.0,0.0,
5351,15/9-F-14,2016,5,738.0,3212.96,506857.03,89415.55,0.0,738.0,3212.96,506857.03,89415.55,,both,0.0,0.0,0.0,0.0,
5351,15/9-F-14,2016,6,716.08333,3075.0299999999997,495103.7,88380.72,0.0,716.08333,3075.03,495103.7,88380.72,,both,0.0,4.547473508864641e-13,0.0,0.0,
5351,15/9-F-14,2016,7,301.225,1326.86,215288.52,37892.52,0.0,301.225,1326.86,215288.52,37892.52,,both,0.0,0.0,0.0,0.0,
5351,15/9-F-14,2016,8,0.0,0.0,0.0,0.0,0.0,0.0,0.0,0.0,0.0,,both,0.0,0.0,0.0,0.0,
5351,15/9-F-14,2016,9,0.0,0.0,0.0,0.0,0.0,0.0,0.0,0.0,0.0,,both,0.0,0.0,0.0,0.0,
5599,15/9-F-12,2008,2,406.62499,49091.06,7068009.29,412.61,0.0,406.62499,49091.06,7068009.29,412.61,,both,0.0,0.0,0.0,0.0,
5599,15/9-F-12,2008,3,655.10834,83361.26,12191170.91,27.42,0.0,655.10834,83361.26,12191170.91,27.42,,both,0.0,0.0,0.0,0.0,
5599,15/9-F-12,2008,4,613.64666,74532.45,11506440.74,482.05,0.0,613.64666,74532.45,11506440.74,482.05,,both,0.0,0.0,0.0,0.0,
5599,15/9-F-12,2008,5,716.19167,125478.56,19091871.52,16280.12,0.0,716.19167,125478.56,19091871.52,16280.12,,both,0.0,0.0,0.0,0.0,
5599,15/9-F-12,2008,6,675.91669,143786.85,21512333.93,474.37,0.0,675.91669,143786.85,21512333.93,474.37,,both,0.0,0.0,0.0,0.0,
5599,15/9-F-12,2008,7,710.74165,114994.61,17116441.78,290.02,0.0,710.74165,114994.61,17116441.78,290.02,,both,0.0,0.0,0.0,0.0,
5599,15/9-F-12,2008,8,672.83334,97822.46,14143008.24,354.18,0.0,672.83334,97822.46,14143008.24,354.18,,both,0.0,0.0,0.0,0.0,
5599,15/9-F-12,2008,9,567.97499,77666.95,11185944.41,188.39,0.0,567.97499,77666.95,11185944.41,188.39,,both,0.0,0.0,0.0,0.0,
5599,15/9-F-12,2008,10,737.50001,94357.23,13430833.95,624.05,0.0,737.50001,94357.23,13430833.95,624.05,,both,0.0,0.0,0.0,0.0,
5599,15/9-F-12,2008,11,712.66667,145915.56,20837122.26,2390.31,0.0,712.66667,145915.56,20837122.26,2390.31,,both,0.0,0.0,0.0,0.0,
5599,15/9-F-12,2008,12,744.0,166439.67,24106361.74,1003.31,0.0,744.0,166439.67,24106361.74,1003.31,,both,0.0,0.0,0.0,0.0,
5599,15/9-F-12,2009,1,740.83332,153677.16,22255224.02,389.76,0.0,740.83332,153677.16,22255224.02,389.76,,both,0.0,0.0,0.0,0.0,
5599,15/9-F-12,2009,2,656.30834,121905.01,17427051.54,0.0,0.0,656.30834,121905.01,17427051.54,0.0,,both,0.0,0.0,0.0,0.0,
5599,15/9-F-12,2009,3,506.33334,92958.71,13123546.99,0.0,0.0,506.33334,92958.71,13123546.99,0.0,,both,0.0,0.0,0.0,0.0,
5599,15/9-F-12,2009,4,719.16667,150955.68,20931107.81,1246.29,0.0,719.16667,150955.68,20931107.81,1246.29,,both,0.0,0.0,0.0,0.0,
5599,15/9-F-12,2009,5,695.16666,141039.01,19366853.43,3106.49,0.0,695.16666,141039.01,19366853.43,3106.49,,both,0.0,0.0,0.0,0.0,
5599,15/9-F-12,2009,6,715.31666,132429.71,17787475.65,2658.63,0.0,715.31666,132429.71,17787475.65,2658.63,,both,0.0,0.0,0.0,0.0,
5599,15/9-F-12,2009,7,742.16666,106105.25,14721967.2,3289.44,0.0,742.16666,106105.25,14721967.2,3289.44,,both,0.0,0.0,0.0,0.0,
5599,15/9-F-12,2009,8,589.075,112414.27,15676349.96,5024.01,0.0,589.075,112414.27,15676349.96,5024.01,,both,0.0,0.0,0.0,0.0,
5599,15/9-F-12,2009,9,493.25,90098.89,12553421.69,2235.08,0.0,493.25,90098.89,12553421.69,2235.08,,both,0.0,0.0,0.0,0.0,
5599,15/9-F-12,2009,10,683.74166,126939.65,17819694.28,6812.79,0.0,683.74166,126939.65,17819694.28,6812.79,,both,0.0,0.0,0.0,0.0,
5599,15/9-F-12,2009,11,705.75001,136015.68,19181583.58,11286.87,0.0,705.75001,136015.68,19181583.58,11286.87,,both,0.0,0.0,0.0,0.0,
5599,15/9-F-12,2009,12,728.5,158001.52,22160862.45,17321.2,0.0,728.5,158001.52,22160862.45,17321.2,,both,0.0,0.0,0.0,0.0,
5599,15/9-F-12,2010,1,742.16666,149658.83,21044604.02,30230.27,0.0,742.16666,149658.83,21044604.02,30230.27,,both,0.0,0.0,0.0,0.0,
5599,15/9-F-12,2010,2,608.725,103026.0,14520589.94,43215.66,0.0,608.725,103026.0,14520589.94,43215.66,,both,0.0,0.0,0.0,0.0,
5599,15/9-F-12,2010,3,647.66666,101571.61,14278518.8,53998.5,0.0,647.66666,101571.61,14278518.8,53998.5,,both,0.0,0.0,0.0,0.0,
5599,15/9-F-12,2010,4,705.99999,86253.61,12161145.93,67996.09,0.0,705.99999,86253.61,12161145.93,67996.09,,both,0.0,0.0,0.0,0.0,
5599,15/9-F-12,2010,5,733.16667,77113.56,10970381.3,74438.31,0.0,733.16667,77113.56,10970381.3,74438.31,,both,0.0,0.0,0.0,0.0,
5599,15/9-F-12,2010,6,717.16667,69617.37,9944534.27,83268.36,0.0,717.16667,69617.37,9944534.27,83268.36,,both,0.0,0.0,0.0,0.0,
5599,15/9-F-12,2010,7,742.33334,64039.69,9283376.77,95054.15,0.0,742.33334,64039.69,9283376.77,95054.15,,both,0.0,0.0,0.0,0.0,
5599,15/9-F-12,2010,8,427.43334,30117.36,4346504.25,54787.65,0.0,427.43334,30117.36,4346504.25,54787.65,,both,0.0,0.0,0.0,0.0,
5599,15/9-F-12,2010,9,644.74999,51312.93,7750210.88,89428.8,0.0,644.74999,51312.93,7750210.88,89428.8,,both,0.0,0.0,0.0,0.0,
5599,15/9-F-12,2010,10,743.00001,51430.58,7741377.24,99542.87,0.0,743.00001,51430.58,7741377.24,99542.87,,both,0.0,0.0,0.0,0.0,
5599,15/9-F-12,2010,11,690.33333,44468.45,6747077.64,102235.65,0.0,690.33333,44468.45,6747077.64,102235.65,,both,0.0,0.0,0.0,0.0,
5599,15/9-F-12,2010,12,741.33333,45217.96,6910660.46,111335.89,0.0,741.33333,45217.96,6910660.46,111335.89,,both,0.0,0.0,0.0,0.0,
5599,15/9-F-12,2011,1,743.5,44746.55,6824000.89,116885.54,0.0,743.5,44746.55,6824000.89,116885.54,,both,0.0,0.0,0.0,0.0,
5599,15/9-F-12,2011,2,557.24999,29157.49,4519227.07,85274.18,0.0,557.24999,29157.49,4519227.07,85274.18,,both,0.0,0.0,0.0,0.0,
5599,15/9-F-12,2011,3,729.83334,37395.05,5760219.21,113239.35,0.0,729.83334,37395.05,5760219.21,113239.35,,both,0.0,0.0,0.0,0.0,
5599,15/9-F-12,2011,4,717.91667,37819.72,5877460.87,116196.38,0.0,717.91667,37819.72,5877460.87,116196.38,,both,0.0,0.0,0.0,0.0,
5599,15/9-F-12,2011,5,736.04167,37204.71,5801740.29,119567.47,0.0,736.04167,37204.71,5801740.29,119567.47,,both,0.0,0.0,0.0,0.0,
5599,15/9-F-12,2011,6,463.26667,22026.06,3412025.77,74563.44,0.0,463.26667,22026.06,3412025.77,74563.44,,both,0.0,0.0,0.0,0.0,
5599,15/9-F-12,2011,7,245.24669,12462.42,1823751.35,31887.510000000002,0.0,245.24669,12462.42,1823751.35,31887.51,,both,0.0,0.0,0.0,3.637978807091713e-12,
5599,15/9-F-12,2011,8,651.49332,36380.15,5446516.53,99004.87,0.0,651.49332,36380.15,5446516.53,99004.87,,both,0.0,0.0,0.0,0.0,
5599,15/9-F-12,2011,9,707.0,29999.17,4566406.76,110471.84,0.0,707.0,29999.17,4566406.76,110471.84,,both,0.0,0.0,0.0,0.0,
5599,15/9-F-12,2011,10,325.66166,12647.5,1919664.23,52875.8,0.0,325.66166,12647.5,1919664.23,52875.8,,both,0.0,0.0,0.0,0.0,
5599,15/9-F-12,2011,11,459.33334,21789.05,3242433.68,75772.93,0.0,459.33334,21789.05,3242433.68,75772.93,,both,0.0,0.0,0.0,0.0,
5599,15/9-F-12,2011,12,424.82166,18090.2,2650493.31,64676.69,0.0,424.82166,18090.2,2650493.31,64676.69,,both,0.0,0.0,0.0,0.0,
5599,15/9-F-12,2012,1,399.65834,18217.85,2722573.45,63857.71,0.0,399.65834,18217.85,2722573.45,63857.71,,both,0.0,0.0,0.0,0.0,
5599,15/9-F-12,2012,2,688.75833,27362.26,4289924.83,133954.93,0.0,688.75833,27362.26,4289924.83,133954.93,,both,0.0,0.0,0.0,0.0,
5599,15/9-F-12,2012,3,740.41666,26679.88,4276185.92,142184.01,0.0,740.41666,26679.88,4276185.92,142184.01,,both,0.0,0.0,0.0,0.0,
5599,15/9-F-12,2012,4,710.29167,24088.35,3866150.19,138112.43,0.0,710.29167,24088.35,3866150.19,138112.43,,both,0.0,0.0,0.0,0.0,
5599,15/9-F-12,2012,5,737.69167,22415.15,3630958.27,140203.43,0.0,737.69167,22415.15,3630958.27,140203.43,,both,0.0,0.0,0.0,0.0,
5599,15/9-F-12,2012,6,711.33334,20887.38,3394646.36,134081.24,0.0,711.33334,20887.38,3394646.36,134081.24,,both,0.0,0.0,0.0,0.0,
5599,15/9-F-12,2012,7,744.0,21206.94,3444768.69,140164.53,0.0,744.0,21206.94,3444768.69,140164.53,,both,0.0,0.0,0.0,0.0,
5599,15/9-F-12,2012,8,288.625,8998.24,1376155.08,54786.62,0.0,288.625,8998.24,1376155.08,54786.62,,both,0.0,0.0,0.0,0.0,
5599,15/9-F-12,2012,9,26.99166,1013.9300000000001,156920.4,4513.08,0.0,26.99166,1013.93,156920.4,4513.08,,both,0.0,1.1368683772161603e-13,0.0,0.0,
5599,15/9-F-12,2012,10,610.175,19612.85,3067585.4,121317.43,0.0,610.175,19612.85,3067585.4,121317.43,,both,0.0,0.0,0.0,0.0,
5599,15/9-F-12,2012,11,720.0,19018.88,3086439.76,134909.36,0.0,720.0,19018.88,3086439.76,134909.36,,both,0.0,0.0,0.0,0.0,
5599,15/9-F-12,2012,12,700.24999,16320.65,2717290.03,131667.43,0.0,700.24999,16320.65,2717290.03,131667.43,,both,0.0,0.0,0.0,0.0,
5599,15/9-F-12,2013,1,744.0,17408.57,2881178.96,139783.93,0.0,744.0,17408.57,2881178.96,139783.93,,both,0.0,0.0,0.0,0.0,
5599,15/9-F-12,2013,2,672.0,15087.380000000001,2461248.52,126325.44,0.0,672.0,15087.38,2461248.52,126325.44,,both,0.0,1.8189894035458565e-12,0.0,0.0,
5599,15/9-F-12,2013,3,307.76833,6305.81,1053665.6199999999,57120.76,0.0,307.76833,6305.81,1053665.62,57120.76,,both,0.0,0.0,2.3283064365386963e-10,0.0,
5599,15/9-F-12,2013,4,513.46573,12351.34,2055291.8599999999,102945.43,0.0,513.46573,12351.34,2055291.86,102945.43,,both,0.0,0.0,2.3283064365386963e-10,0.0,
5599,15/9-F-12,2013,5,732.05834,16313.4,2757755.17,147164.69,0.0,732.05834,16313.4,2757755.17,147164.69,,both,0.0,0.0,0.0,0.0,
5599,15/9-F-12,2013,6,566.675,11899.57,2037219.83,112559.07,0.0,566.675,11899.57,2037219.83,112559.07,,both,0.0,0.0,0.0,0.0,
5599,15/9-F-12,2013,7,581.275,11861.63,1919702.47,112172.58,0.0,581.275,11861.63,1919702.47,112172.58,,both,0.0,0.0,0.0,0.0,
5599,15/9-F-12,2013,8,687.97685,15147.18,2354241.49,152994.91,0.0,687.97685,15147.18,2354241.49,152994.91,,both,0.0,0.0,0.0,0.0,
5599,15/9-F-12,2013,9,589.985,9223.53,1446819.31,104678.41,0.0,589.985,9223.53,1446819.31,104678.41,,both,0.0,0.0,0.0,0.0,
5599,15/9-F-12,2013,10,680.0,8305.01,1283583.5,137534.62,0.0,680.0,8305.01,1283583.5,137534.62,,both,0.0,0.0,0.0,0.0,
5599,15/9-F-12,2013,11,648.64167,7170.56,1102962.23,122993.19,0.0,648.64167,7170.56,1102962.23,122993.19,,both,0.0,0.0,0.0,0.0,
5599,15/9-F-12,2013,12,633.4,7079.5199999999995,1101388.53,125859.26,0.0,633.4,7079.52,1101388.53,125859.26,,both,0.0,9.094947017729282e-13,0.0,0.0,
5599,15/9-F-12,2014,1,486.14168,4997.24,766195.72,87030.26,0.0,486.14168,4997.24,766195.72,87030.26,,both,0.0,0.0,0.0,0.0,
5599,15/9-F-12,2014,2,561.9,6101.4,921967.01,110297.86,0.0,561.9,6101.4,921967.01,110297.86,,both,0.0,0.0,0.0,0.0,
5599,15/9-F-12,2014,3,656.72426,6835.66,1036071.18,127351.18,0.0,656.72426,6835.66,1036071.18,127351.18,,both,0.0,0.0,0.0,0.0,
5599,15/9-F-12,2014,4,693.01833,5892.01,883605.0,141144.82,0.0,693.01833,5892.01,883605.0,141144.82,,both,0.0,0.0,0.0,0.0,
5599,15/9-F-12,2014,5,427.32999,3237.7,469664.0,88748.26,0.0,427.32999,3237.7,469664.0,88748.26,,both,0.0,0.0,0.0,0.0,
5599,15/9-F-12,2014,6,707.33333,5751.2,846733.74,152034.68,0.0,707.33333,5751.2,846733.74,152034.68,,both,0.0,0.0,0.0,0.0,
5599,15/9-F-12,2014,7,743.16667,5791.84,864045.93,152314.38,0.0,743.16667,5791.84,864045.93,152314.38,,both,0.0,0.0,0.0,0.0,
5599,15/9-F-12,2014,8,593.36666,4448.49,704538.16,126629.09,0.0,593.36666,4448.49,704538.16,126629.09,,both,0.0,0.0,0.0,0.0,
5599,15/9-F-12,2014,9,685.83333,5062.59,803970.67,149375.78,0.0,685.83333,5062.59,803970.67,149375.78,,both,0.0,0.0,0.0,0.0,
5599,15/9-F-12,2014,10,745.0,5385.61,833120.57,155365.68,0.0,745.0,5385.61,833120.57,155365.68,,both,0.0,0.0,0.0,0.0,
5599,15/9-F-12,2014,11,580.94167,4495.0599999999995,700998.22,114660.7,0.0,580.94167,4495.06,700998.22,114660.7,,both,0.0,9.094947017729282e-13,0.0,0.0,
5599,15/9-F-12,2014,12,0.0,0.0,0.0,0.0,0.0,0.0,0.0,0.0,0.0,,both,0.0,0.0,0.0,0.0,
5599,15/9-F-12,2015,1,715.58333,25712.55,3780459.43,11588.22,0.0,715.58333,25712.55,3780459.43,11588.22,,both,0.0,0.0,0.0,0.0,
5599,15/9-F-12,2015,2,622.79666,19578.55,2960674.24,15115.5,0.0,622.79666,19578.55,2960674.24,15115.5,,both,0.0,0.0,0.0,0.0,
5599,15/9-F-12,2015,3,665.125,19341.43,2853432.83,19255.66,0.0,665.125,19341.43,2853432.83,19255.66,,both,0.0,0.0,0.0,0.0,
5599,15/9-F-12,2015,4,720.0,19796.56,2889394.96,20808.06,0.0,720.0,19796.56,2889394.96,20808.06,,both,0.0,0.0,0.0,0.0,
5599,15/9-F-12,2015,5,744.0,16996.48,2479620.4,25200.83,0.0,744.0,16996.48,2479620.4,25200.83,,both,0.0,0.0,0.0,0.0,
5599,15/9-F-12,2015,6,709.31667,19536.3,2859707.1,32902.68,0.0,709.31667,19536.3,2859707.1,32902.68,,both,0.0,0.0,0.0,0.0,
5599,15/9-F-12,2015,7,744.0,19157.45,2846820.92,36480.53,0.0,744.0,19157.45,2846820.92,36480.53,,both,0.0,0.0,0.0,0.0,
5599,15/9-F-12,2015,8,636.68333,13473.27,2047120.71,31629.02,0.0,636.68333,13473.27,2047120.71,31629.02,,both,0.0,0.0,0.0,0.0,
5599,15/9-F-12,2015,9,719.32486,12494.51,1888048.66,35065.36,0.0,719.32486,12494.51,1888048.66,35065.36,,both,0.0,0.0,0.0,0.0,
5599,15/9-F-12,2015,10,738.66667,11888.63,1821328.15,38151.12,0.0,738.66667,11888.63,1821328.15,38151.12,,both,0.0,0.0,0.0,0.0,
5599,15/9-F-12,2015,11,719.50001,11369.48,1748311.35,37662.5,0.0,719.50001,11369.48,1748311.35,37662.5,,both,0.0,0.0,0.0,0.0,
5599,15/9-F-12,2015,12,731.33334,10855.97,1662453.18,37288.0,0.0,731.33334,10855.97,1662453.18,37288.0,,both,0.0,0.0,0.0,0.0,
5599,15/9-F-12,2016,1,736.49999,9494.98,1487340.06,38969.86,0.0,736.49999,9494.98,1487340.06,38969.86,,both,0.0,0.0,0.0,0.0,
5599,15/9-F-12,2016,2,695.58333,7644.12,1205549.1,35253.46,0.0,695.58333,7644.12,1205549.1,35253.46,,both,0.0,0.0,0.0,0.0,
5599,15/9-F-12,2016,3,743.0,7359.93,1185893.56,40507.21,0.0,743.0,7359.93,1185893.56,40507.21,,both,0.0,0.0,0.0,0.0,
5599,15/9-F-12,2016,4,718.83333,6152.17,1015034.36,37126.04,0.0,718.83333,6152.17,1015034.36,37126.04,,both,0.0,0.0,0.0,0.0,
5599,15/9-F-12,2016,5,740.5,5865.13,925513.84,36147.78,0.0,740.5,5865.13,925513.84,36147.78,,both,0.0,0.0,0.0,0.0,
5599,15/9-F-12,2016,6,703.25833,5408.31,870533.4,34608.45,0.0,703.25833,5408.31,870533.4,34608.45,,both,0.0,0.0,0.0,0.0,
5599,15/9-F-12,2016,7,703.72593,4533.82,729319.16,29940.18,0.0,703.72593,4533.82,729319.16,29940.18,,both,0.0,0.0,0.0,0.0,
5599,15/9-F-12,2016,8,285.89167,1442.03,232557.71,10937.14,0.0,285.89167,1442.03,232557.71,10937.14,,both,0.0,0.0,0.0,0.0,
5599,15/9-F-12,2016,9,0.0,0.0,0.0,0.0,0.0,0.0,0.0,0.0,0.0,,both,0.0,0.0,0.0,0.0,
5693,15/9-F-4,2007,9,0.0,0.0,0.0,0.0,0.0,,,,,,both,,,,,
5693,15/9-F-4,2007,10,0.0,0.0,0.0,0.0,0.0,,,,,,both,,,,,
5693,15/9-F-4,2007,11,0.0,0.0,0.0,0.0,0.0,,,,,,both,,,,,
5693,15/9-F-4,2007,12,0.0,0.0,0.0,0.0,0.0,,,,,,both,,,,,
5693,15/9-F-4,2008,1,0.0,0.0,0.0,0.0,0.0,0.0,,,,,both,0.0,,,,
5693,15/9-F-4,2008,2,0.0,0.0,0.0,0.0,0.0,0.0,,,,,both,0.0,,,,
5693,15/9-F-4,2008,3,0.0,0.0,0.0,0.0,0.0,0.0,,,,0.0,both,0.0,,,,0.0
5693,15/9-F-4,2008,4,118.65,0.0,0.0,0.0,29752.68689342564,118.65,,,,29752.6868934256,both,0.0,,,,4.001776687800884e-11
5693,15/9-F-4,2008,5,714.005,0.0,0.0,0.0,221337.10647416668,714.005,,,,221337.106474167,both,0.0,,,,3.2014213502407074e-10
5693,15/9-F-4,2008,6,598.81667,0.0,0.0,0.0,211803.65386397135,598.81667,,,,211803.653863971,both,0.0,,,,3.4924596548080444e-10
5693,15/9-F-4,2008,7,620.80833,0.0,0.0,0.0,232029.66274033333,620.80833,,,,232029.662740333,both,0.0,,,,3.2014213502407074e-10
5693,15/9-F-4,2008,8,663.07502,0.0,0.0,0.0,213913.2638939707,663.07502,,,,213913.263893971,both,0.0,,,,2.9103830456733704e-10
5693,15/9-F-4,2008,9,558.14562,0.0,0.0,0.0,98583.30126615369,558.14562,,,,98583.3012661537,both,0.0,,,,1.4551915228366852e-11
5693,15/9-F-4,2008,10,701.91667,0.0,0.0,0.0,233503.405901225,701.91667,,,,233503.405901225,both,0.0,,,,0.0
5693,15/9-F-4,2008,11,711.66667,0.0,0.0,0.0,222126.0992284058,711.66667,,,,222126.099228406,both,0.0,,,,2.0372681319713593e-10
5693,15/9-F-4,2008,12,742.66666,0.0,0.0,0.0,263191.8366777083,742.66666,,,,263191.836677708,both,0.0,,,,2.9103830456733704e-10
5693,15/9-F-4,2009,1,699.33332,0.0,0.0,0.0,246659.90359416668,699.33332,,,,246659.903594167,both,0.0,,,,3.2014213502407074e-10
5693,15/9-F-4,2009,2,639.66667,0.0,0.0,0.0,221133.68071604168,639.66667,,,,221133.680716042,both,0.0,,,,3.2014213502407074e-10
5693,15/9-F-4,2009,3,191.08332000000001,0.0,0.0,0.0,61187.96870333333,191.08332,,,,61187.9687033333,both,2.842170943040401e-14,,,,2.9103830456733704e-11
5693,15/9-F-4,2009,4,543.8,0.0,0.0,0.0,106559.345925,543.8,,,,106559.345925,both,0.0,,,,0.0
5693,15/9-F-4,2009,5,710.5,0.0,0.0,0.0,231503.09557979167,710.5,,,,231503.095579792,both,0.0,,,,3.2014213502407074e-10
5693,15/9-F-4,2009,6,690.64999,0.0,0.0,0.0,129987.98364666666,690.64999,,,,129987.983646667,both,0.0,,,,3.346940502524376e-10
5693,15/9-F-4,2009,7,734.83333,0.0,0.0,0.0,191228.27029625,734.83333,,,,191228.27029625,both,0.0,,,,0.0
5693,15/9-F-4,2009,8,704.825,0.0,0.0,0.0,191924.357519375,704.825,,,,191924.357519375,both,0.0,,,,0.0
5693,15/9-F-4,2009,9,509.66667,0.0,0.0,0.0,163785.32184013125,509.66667,,,,163785.321840131,both,0.0,,,,2.6193447411060333e-10
5693,15/9-F-4,2009,10,683.72853,0.0,0.0,0.0,182104.72754323704,683.72853,,,,182104.727543237,both,0.0,,,,2.9103830456733704e-11
5693,15/9-F-4,2009,11,706.24999,0.0,0.0,0.0,203874.34742511905,706.24999,,,,203874.347425119,both,0.0,,,,5.820766091346741e-11
5693,15/9-F-4,2009,12,739.5,0.0,0.0,0.0,219529.23670967136,739.5,,,,219529.236709671,both,0.0,,,,3.4924596548080444e-10
5693,15/9-F-4,2010,1,735.16667,0.0,0.0,0.0,222678.95831334722,735.16667,,,,222678.958313347,both,0.0,,,,2.3283064365386963e-10
5693,15/9-F-4,2010,2,596.16667,0.0,0.0,0.0,185785.74133456076,596.16667,,,,185785.741334561,both,0.0,,,,2.3283064365386963e-10
5693,15/9-F-4,2010,3,622.40834,0.0,0.0,0.0,168939.05111095053,622.40834,,,,168939.051110951,both,0.0,,,,4.656612873077393e-10
5693,15/9-F-4,2010,4,669.83335,0.0,0.0,0.0,222633.11720426995,669.83335,,,,222633.11720427,both,0.0,,,,5.820766091346741e-11
5693,15/9-F-4,2010,5,744.0,0.0,0.0,0.0,252526.34641145833,744.0,,,,252526.346411458,both,0.0,,,,3.2014213502407074e-10
5693,15/9-F-4,2010,6,715.66667,0.0,0.0,0.0,210363.8406129344,715.66667,,,,210363.840612934,both,0.0,,,,4.0745362639427185e-10
5693,15/9-F-4,2010,7,743.5,0.0,0.0,0.0,198041.39615416666,743.5,,,,198041.396154167,both,0.0,,,,3.4924596548080444e-10
5693,15/9-F-4,2010,8,420.26666,0.0,0.0,0.0,108631.75795894576,420.26666,,,,108631.757958946,both,0.0,,,,2.3283064365386963e-10
5693,15/9-F-4,2010,9,631.15833,0.0,0.0,0.0,145251.2451768654,631.15833,,,,145251.245176865,both,0.0,,,,4.0745362639427185e-10
5693,15/9-F-4,2010,10,700.57499,0.0,0.0,0.0,194727.43141278374,700.57499,,,,194727.431412784,both,0.0,,,,2.6193447411060333e-10
5693,15/9-F-4,2010,11,644.84167,0.0,0.0,0.0,167466.12895319445,644.84167,,,,167466.128953194,both,0.0,,,,4.3655745685100555e-10
5693,15/9-F-4,2010,12,716.83334,0.0,0.0,0.0,188426.12491277483,716.83334,,,,188426.124912775,both,0.0,,,,1.7462298274040222e-10
5693,15/9-F-4,2011,1,731.08333,0.0,0.0,0.0,189083.65033041665,731.08333,,,,189083.650330417,both,0.0,,,,3.4924596548080444e-10
5693,15/9-F-4,2011,2,536.74998,0.0,0.0,0.0,135389.67994562685,536.74998,,,,135389.679945627,both,0.0,,,,1.4551915228366852e-10
5693,15/9-F-4,2011,3,716.25001,0.0,0.0,0.0,184841.17272310285,716.25001,,,,184841.172723103,both,0.0,,,,1.4551915228366852e-10
5693,15/9-F-4,2011,4,696.5,0.0,0.0,0.0,180529.41843450756,696.5,,,,180529.418434508,both,0.0,,,,4.3655745685100555e-10
5693,15/9-F-4,2011,5,737.25001,0.0,0.0,0.0,188176.55544130952,737.25001,,,,188176.55544131,both,0.0,,,,4.656612873077393e-10
5693,15/9-F-4,2011,6,436.09167,0.0,0.0,0.0,120235.26120116228,436.09167,,,,120235.261201162,both,0.0,,,,2.9103830456733704e-10
5693,15/9-F-4,2011,7,248.09168,0.0,0.0,0.0,65179.63285541667,248.09168,,,,65179.6328554167,both,0.0,,,,2.9103830456733704e-11
5693,15/9-F-4,2011,8,642.825,0.0,0.0,0.0,173404.70385102305,642.825,,,,173404.703851023,both,0.0,,,,5.820766091346741e-11
5693,15/9-F-4,2011,9,689.16666,0.0,0.0,0.0,174968.31468,689.16666,,,,174968.31468,both,0.0,,,,0.0
5693,15/9-F-4,2011,10,329.05,0.0,0.0,0.0,77827.95683270834,329.05,,,,77827.9568327083,both,0.0,,,,4.3655745685100555e-11
5693,15/9-F-4,2011,11,475.16665,0.0,0.0,0.0,121602.28925604167,475.16665,,,,121602.289256042,both,0.0,,,,3.346940502524376e-10
5693,15/9-F-4,2011,12,438.68335,0.0,0.0,0.0,109912.56099395834,438.68335,,,,109912.560993958,both,0.0,,,,3.346940502524376e-10
5693,15/9-F-4,2012,1,426.25,0.0,0.0,0.0,91244.76426375,426.25,,,,91244.76426375,both,0.0,,,,0.0
5693,15/9-F-4,2012,2,691.08333,0.0,0.0,0.0,147124.848014375,691.08333,,,,147124.848014375,both,0.0,,,,0.0
5693,15/9-F-4,2012,3,735.08334,0.0,0.0,0.0,149154.7105620924,735.08334,,,,149154.710562092,both,0.0,,,,4.0745362639427185e-10
5693,15/9-F-4,2012,4,720.0,0.0,0.0,0.0,147365.65297375,720.0,,,,147365.65297375,both,0.0,,,,0.0
5693,15/9-F-4,2012,5,733.08334,0.0,0.0,0.0,149129.81431458335,733.08334,,,,149129.814314583,both,0.0,,,,3.4924596548080444e-10
5693,15/9-F-4,2012,6,710.16667,0.0,0.0,0.0,144762.43055020834,710.16667,,,,144762.430550208,both,0.0,,,,3.4924596548080444e-10
5693,15/9-F-4,2012,7,744.0,0.0,0.0,0.0,150430.98628,744.0,,,,150430.98628,both,0.0,,,,0.0
5693,15/9-F-4,2012,8,292.125,0.0,0.0,0.0,58172.37461895833,292.125,,,,58172.3746189583,both,0.0,,,,2.9103830456733704e-11
5693,15/9-F-4,2012,9,31.65833,0.0,0.0,0.0,6025.007743333334,31.65833,,,,6025.00774333333,both,0.0,,,,3.637978807091713e-12
5693,15/9-F-4,2012,10,507.99165,0.0,0.0,0.0,110449.68220083334,507.99165,,,,110449.682200833,both,0.0,,,,3.346940502524376e-10
5693,15/9-F-4,2012,11,720.0,0.0,0.0,0.0,162488.44678416668,720.0,,,,162488.446784167,both,0.0,,,,3.2014213502407074e-10
5693,15/9-F-4,2012,12,698.50001,0.0,0.0,0.0,144569.26191479166,698.50001,,,,144569.261914792,both,0.0,,,,3.4924596548080444e-10
5693,15/9-F-4,2013,1,734.25001,0.0,0.0,0.0,155627.704288125,734.25001,,,,155627.704288125,both,0.0,,,,0.0
5693,15/9-F-4,2013,2,672.0,0.0,0.0,0.0,138901.75543,672.0,,,,138901.75543,both,0.0,,,,0.0
5693,15/9-F-4,2013,3,483.35168,0.0,0.0,0.0,96659.95246625,483.35168,,,,96659.95246625,both,0.0,,,,0.0
5693,15/9-F-4,2013,4,563.50333,0.0,0.0,0.0,116028.21117708333,563.50333,,,,116028.211177083,both,0.0,,,,3.346940502524376e-10
5693,15/9-F-4,2013,5,681.80001,0.0,0.0,0.0,156535.02406208334,681.80001,,,,156535.024062083,both,0.0,,,,3.4924596548080444e-10
5693,15/9-F-4,2013,6,573.33333,0.0,0.0,0.0,132162.42720416666,573.33333,,,,132162.427204167,both,0.0,,,,3.4924596548080444e-10
5693,15/9-F-4,2013,7,652.70833,0.0,0.0,0.0,133542.63593229165,652.70833,,,,133542.635932292,both,0.0,,,,3.4924596548080444e-10
5693,15/9-F-4,2013,8,689.71666,0.0,0.0,0.0,156070.855948125,689.71666,,,,156070.855948125,both,0.0,,,,0.0
5693,15/9-F-4,2013,9,608.44167,0.0,0.0,0.0,130322.732728125,608.44167,,,,130322.732728125,both,0.0,,,,0.0
5693,15/9-F-4,2013,10,650.41667,0.0,0.0,0.0,144742.56787083333,650.41667,,,,144742.567870833,both,0.0,,,,3.2014213502407074e-10
5693,15/9-F-4,2013,11,682.33333,0.0,0.0,0.0,155972.70506125,682.33333,,,,155972.70506125,both,0.0,,,,0.0
5693,15/9-F-4,2013,12,676.24999,0.0,0.0,0.0,148594.15725416667,676.24999,,,,148594.157254167,both,0.0,,,,3.2014213502407074e-10
5693,15/9-F-4,2014,1,682.08334,0.0,0.0,0.0,147807.99611625,682.08334,,,,147807.99611625,both,0.0,,,,0.0
5693,15/9-F-4,2014,2,579.105,0.0,0.0,0.0,131023.21384,579.105,,,,131023.21384,both,0.0,,,,0.0
5693,15/9-F-4,2014,3,685.99999,0.0,0.0,0.0,154097.2112486866,685.99999,,,,154097.211248687,both,0.0,,,,4.0745362639427185e-10
5693,15/9-F-4,2014,4,707.54167,0.0,0.0,0.0,185314.47003520833,707.54167,,,,185314.470035208,both,0.0,,,,3.2014213502407074e-10
5693,15/9-F-4,2014,5,606.33334,0.0,0.0,0.0,156189.17630393174,606.33334,,,,156189.176303932,both,0.0,,,,2.6193447411060333e-10
5693,15/9-F-4,2014,6,697.99643,0.0,0.0,0.0,202240.5579125,697.99643,,,,202240.5579125,both,0.0,,,,0.0
5693,15/9-F-4,2014,7,742.16667,0.0,0.0,0.0,226583.879235,742.16667,,,,226583.879235,both,0.0,,,,0.0
5693,15/9-F-4,2014,8,607.30001,0.0,0.0,0.0,184109.82605354168,607.30001,,,,184109.826053542,both,0.0,,,,3.2014213502407074e-10
5693,15/9-F-4,2014,9,693.33333,0.0,0.0,0.0,199867.76395625,693.33333,,,,199867.76395625,both,0.0,,,,0.0
5693,15/9-F-4,2014,10,742.33334,0.0,0.0,0.0,219621.85870388334,742.33334,,,,219621.858703883,both,0.0,,,,3.4924596548080444e-10
5693,15/9-F-4,2014,11,619.88333,0.0,0.0,0.0,166856.73774291668,619.88333,,,,166856.737742917,both,0.0,,,,3.2014213502407074e-10
5693,15/9-F-4,2014,12,292.05833,0.0,0.0,0.0,66671.23168124999,292.05833,,,,66671.23168125,both,0.0,,,,1.4551915228366852e-11
5693,15/9-F-4,2015,1,675.88334,0.0,0.0,0.0,81160.89921020833,675.88334,,,,81160.8992102083,both,0.0,,,,2.9103830456733704e-11
5693,15/9-F-4,2015,2,588.88334,0.0,0.0,0.0,126376.88448729167,588.88334,,,,126376.884487292,both,0.0,,,,3.346940502524376e-10
5693,15/9-F-4,2015,3,744.0,0.0,0.0,0.0,137054.80379046197,744.0,,,,137054.803790462,both,0.0,,,,2.9103830456733704e-11
5693,15/9-F-4,2015,4,707.66667,0.0,0.0,0.0,143683.08407666668,707.66667,,,,143683.084076667,both,0.0,,,,3.2014213502407074e-10
5693,15/9-F-4,2015,5,744.0,0.0,0.0,0.0,128648.16758,744.0,,,,128648.16758,both,0.0,,,,0.0
5693,15/9-F-4,2015,6,717.45,0.0,0.0,0.0,161283.08737583333,717.45,,,,161283.087375833,both,0.0,,,,3.2014213502407074e-10
5693,15/9-F-4,2015,7,739.675,0.0,0.0,0.0,156312.54031166667,739.675,,,,156312.540311667,both,0.0,,,,3.2014213502407074e-10
5693,15/9-F-4,2015,8,614.66736,0.0,0.0,0.0,114753.050129375,614.66736,,,,114753.050129375,both,0.0,,,,0.0
5693,15/9-F-4,2015,9,715.98376,0.0,0.0,0.0,133755.40317208334,715.98376,,,,133755.403172083,both,0.0,,,,3.4924596548080444e-10
5693,15/9-F-4,2015,10,728.59946,0.0,0.0,0.0,135860.216532925,728.59946,,,,135860.216532925,both,0.0,,,,0.0
5693,15/9-F-4,2015,11,698.5,0.0,0.0,0.0,160504.98263479167,698.5,,,,160504.982634792,both,0.0,,,,3.2014213502407074e-10
5693,15/9-F-4,2015,12,739.24999,0.0,0.0,0.0,152921.63690145835,739.24999,,,,152921.636901458,both,0.0,,,,3.4924596548080444e-10
5693,15/9-F-4,2016,1,721.33333,0.0,0.0,0.0,152129.93557458333,721.33333,,,,152129.935574583,both,0.0,,,,3.2014213502407074e-10
5693,15/9-F-4,2016,2,693.41667,0.0,0.0,0.0,148078.12622041666,693.41667,,,,148078.126220417,both,0.0,,,,3.4924596548080444e-10
5693,15/9-F-4,2016,3,743.0,0.0,0.0,0.0,141201.785620625,743.0,,,,141201.785620625,both,0.0,,,,0.0
5693,15/9-F-4,2016,4,701.83333,0.0,0.0,0.0,220078.31513541666,701.83333,,,,220078.315135417,both,0.0,,,,3.4924596548080444e-10
5693,15/9-F-4,2016,5,744.0,0.0,0.0,0.0,269279.17616104166,744.0,,,,269279.176161042,both,0.0,,,,3.4924596548080444e-10
5693,15/9-F-4,2016,6,708.58333,0.0,0.0,0.0,257281.26086979167,708.58333,,,,257281.260869792,both,0.0,,,,3.2014213502407074e-10
5693,15/9-F-4,2016,7,608.64998,0.0,0.0,0.0,197975.70744,608.64998,,,,197975.70744,both,0.0,,,,0.0
5693,15/9-F-4,2016,8,656.58333,0.0,0.0,0.0,132382.87739520834,656.58333,,,,132382.877395208,both,0.0,,,,3.4924596548080444e-10
5693,15/9-F-4,2016,9,340.10833,0.0,0.0,0.0,61200.87599541667,340.10833,,,,61200.8759954167,both,0.0,,,,3.637978807091713e-11
5693,15/9-F-4,2016,10,0.0,0.0,0.0,0.0,0.0,,,,,,both,,,,,
5693,15/9-F-4,2016,11,0.0,0.0,0.0,0.0,0.0,,,,,,both,,,,,
5693,15/9-F-4,2016,12,0.0,0.0,0.0,0.0,0.0,,,,,,both,,,,,
5769,15/9-F-5,2007,9,0.0,0.0,0.0,0.0,0.0,,,,,,both,,,,,
5769,15/9-F-5,2007,10,0.0,0.0,0.0,0.0,0.0,,,,,,both,,,,,
5769,15/9-F-5,2007,11,0.0,0.0,0.0,0.0,0.0,,,,,,both,,,,,
5769,15/9-F-5,2007,12,0.0,0.0,0.0,0.0,0.0,,,,,,both,,,,,
5769,15/9-F-5,2008,1,0.0,0.0,0.0,0.0,0.0,0.0,,,,,both,0.0,,,,
5769,15/9-F-5,2008,2,0.0,0.0,0.0,0.0,0.0,0.0,,,,,both,0.0,,,,
5769,15/9-F-5,2008,3,0.0,0.0,0.0,0.0,0.0,0.0,,,,0.0,both,0.0,,,,0.0
5769,15/9-F-5,2008,4,0.0,0.0,0.0,0.0,0.0,0.0,,,,,both,0.0,,,,
5769,15/9-F-5,2008,5,0.0,0.0,0.0,0.0,0.0,0.0,,,,,both,0.0,,,,
5769,15/9-F-5,2008,6,0.0,0.0,0.0,0.0,0.0,0.0,,,,,both,0.0,,,,
5769,15/9-F-5,2008,7,0.0,0.0,0.0,0.0,0.0,0.0,,,,,both,0.0,,,,
5769,15/9-F-5,2008,8,98.08167,0.0,0.0,0.0,14480.932077115385,98.08167,,,,14480.9320771154,both,0.0,,,,1.4551915228366852e-11
5769,15/9-F-5,2008,9,557.88057,0.0,0.0,0.0,64814.28652447526,557.88057,,,,64814.2865244753,both,0.0,,,,3.637978807091713e-11
5769,15/9-F-5,2008,10,563.99999,0.0,0.0,0.0,122254.37173542322,563.99999,,,,122254.371735423,both,0.0,,,,2.1827872842550278e-10
5769,15/9-F-5,2008,11,716.16667,0.0,0.0,0.0,219779.98439821557,716.16667,,,,219779.984398216,both,0.0,,,,4.3655745685100555e-10
5769,15/9-F-5,2008,12,742.25,0.0,0.0,0.0,270199.39982958336,742.25,,,,270199.399829583,both,0.0,,,,3.4924596548080444e-10
5769,15/9-F-5,2009,1,697.49998,0.0,0.0,0.0,253655.42580070833,697.49998,,,,253655.425800708,both,0.0,,,,3.2014213502407074e-10
5769,15/9-F-5,2009,2,635.74999,0.0,0.0,0.0,226102.01316,635.74999,,,,226102.01316,both,0.0,,,,0.0
5769,15/9-F-5,2009,3,224.58334,0.0,0.0,0.0,81674.35,224.58334,,,,81674.35,both,0.0,,,,0.0
5769,15/9-F-5,2009,4,531.55,0.0,0.0,0.0,104818.54778,531.55,,,,104818.54778,both,0.0,,,,0.0
5769,15/9-F-5,2009,5,706.99999,0.0,0.0,0.0,232334.51444823862,706.99999,,,,232334.514448239,both,0.0,,,,3.7834979593753815e-10
5769,15/9-F-5,2009,6,690.73332,0.0,0.0,0.0,133204.20527125002,690.73332,,,,133204.20527125,both,0.0,,,,2.9103830456733704e-11
5769,15/9-F-5,2009,7,734.83333,0.0,0.0,0.0,205447.018688125,734.83333,,,,205447.018688125,both,0.0,,,,0.0
5769,15/9-F-5,2009,8,703.82499,0.0,0.0,0.0,198473.65997875,703.82499,,,,198473.65997875,both,0.0,,,,0.0
5769,15/9-F-5,2009,9,509.16667,0.0,0.0,0.0,171773.20486270834,509.16667,,,,171773.204862708,both,0.0,,,,3.4924596548080444e-10
5769,15/9-F-5,2009,10,682.25168,0.0,0.0,0.0,200847.23049409344,682.25168,,,,200847.230494093,both,0.0,,,,4.3655745685100555e-10
5769,15/9-F-5,2009,11,705.58333,0.0,0.0,0.0,208933.86788113095,705.58333,,,,208933.867881131,both,0.0,,,,5.820766091346741e-11
5769,15/9-F-5,2009,12,738.16666,0.0,0.0,0.0,225455.33740633022,738.16666,,,,225455.33740633,both,0.0,,,,2.0372681319713593e-10
5769,15/9-F-5,2010,1,735.66667,0.0,0.0,0.0,251554.76787308877,735.66667,,,,251554.767873089,both,0.0,,,,2.3283064365386963e-10
5769,15/9-F-5,2010,2,595.41668,0.0,0.0,0.0,199239.17951309754,595.41668,,,,199239.179513098,both,0.0,,,,4.656612873077393e-10
5769,15/9-F-5,2010,3,571.00834,0.0,0.0,0.0,159955.29204669484,571.00834,,,,159955.292046695,both,0.0,,,,1.4551915228366852e-10
5769,15/9-F-5,2010,4,449.39168,0.0,0.0,0.0,143182.2273758289,449.39168,,,,143182.227375829,both,0.0,,,,1.1641532182693481e-10
5769,15/9-F-5,2010,5,744.0,0.0,0.0,0.0,252211.73762833333,744.0,,,,252211.737628333,both,0.0,,,,3.2014213502407074e-10
5769,15/9-F-5,2010,6,716.66667,0.0,0.0,0.0,217995.5827325,716.66667,,,,217995.5827325,both,0.0,,,,0.0
5769,15/9-F-5,2010,7,743.16667,0.0,0.0,0.0,213816.93954770835,743.16667,,,,213816.939547708,both,0.0,,,,3.4924596548080444e-10
5769,15/9-F-5,2010,8,447.14166,0.0,0.0,0.0,120306.47775573765,447.14166,,,,120306.477755738,both,0.0,,,,3.4924596548080444e-10
5769,15/9-F-5,2010,9,695.41667,0.0,0.0,0.0,163185.26024331542,695.41667,,,,163185.260243315,both,0.0,,,,4.3655745685100555e-10
5769,15/9-F-5,2010,10,717.58332,0.0,0.0,0.0,200667.24969863024,717.58332,,,,200667.24969863,both,0.0,,,,2.3283064365386963e-10
5769,15/9-F-5,2010,11,703.91667,0.0,0.0,0.0,188435.81656796194,703.91667,,,,188435.816567962,both,0.0,,,,5.820766091346741e-11
5769,15/9-F-5,2010,12,732.66667,0.0,0.0,0.0,193372.73180145834,732.66667,,,,193372.731801458,both,0.0,,,,3.4924596548080444e-10
5769,15/9-F-5,2011,1,744.0,0.0,0.0,0.0,189041.11951854167,744.0,,,,189041.119518542,both,0.0,,,,3.2014213502407074e-10
5769,15/9-F-5,2011,2,532.74998,0.0,0.0,0.0,139466.55643039255,532.74998,,,,139466.556430393,both,0.0,,,,4.3655745685100555e-10
5769,15/9-F-5,2011,3,728.00001,0.0,0.0,0.0,184592.18769070922,728.00001,,,,184592.187690709,both,0.0,,,,2.3283064365386963e-10
5769,15/9-F-5,2011,4,700.83334,0.0,0.0,0.0,188899.23261028365,700.83334,,,,188899.232610284,both,0.0,,,,3.4924596548080444e-10
5769,15/9-F-5,2011,5,736.50001,0.0,0.0,0.0,191438.0835422024,736.50001,,,,191438.083542202,both,0.0,,,,4.0745362639427185e-10
5769,15/9-F-5,2011,6,461.67501,0.0,0.0,0.0,115810.71232001689,461.67501,,,,115810.712320017,both,0.0,,,,1.1641532182693481e-10
5769,15/9-F-5,2011,7,242.50835,0.0,0.0,0.0,60234.67072875,242.50835,,,,60234.67072875,both,0.0,,,,0.0
5769,15/9-F-5,2011,8,644.49168,0.0,0.0,0.0,161568.5717696126,644.49168,,,,161568.571769613,both,0.0,,,,3.7834979593753815e-10
5769,15/9-F-5,2011,9,688.5,0.0,0.0,0.0,185636.23752596905,688.5,,,,185636.237525969,both,0.0,,,,5.820766091346741e-11
5769,15/9-F-5,2011,10,328.63333,0.0,0.0,0.0,86121.09825208333,328.63333,,,,86121.0982520833,both,0.0,,,,2.9103830456733704e-11
5769,15/9-F-5,2011,11,475.41666,0.0,0.0,0.0,111726.55858104167,475.41666,,,,111726.558581042,both,0.0,,,,3.346940502524376e-10
5769,15/9-F-5,2011,12,438.8,0.0,0.0,0.0,106760.27239479167,438.8,,,,106760.272394792,both,0.0,,,,3.346940502524376e-10
5769,15/9-F-5,2012,1,423.99999,0.0,0.0,0.0,96145.24973395834,423.99999,,,,96145.2497339583,both,0.0,,,,2.9103830456733704e-11
5769,15/9-F-5,2012,2,690.91666,0.0,0.0,0.0,144177.13334875,690.91666,,,,144177.13334875,both,0.0,,,,0.0
5769,15/9-F-5,2012,3,737.20834,0.0,0.0,0.0,144901.3117938134,737.20834,,,,144901.311793813,both,0.0,,,,4.0745362639427185e-10
5769,15/9-F-5,2012,4,720.0,0.0,0.0,0.0,152913.710860625,720.0,,,,152913.710860625,both,0.0,,,,0.0
5769,15/9-F-5,2012,5,732.33334,0.0,0.0,0.0,157759.44759291667,732.33334,,,,157759.447592917,both,0.0,,,,3.2014213502407074e-10
5769,15/9-F-5,2012,6,710.66667,0.0,0.0,0.0,147174.91634791667,710.66667,,,,147174.916347917,both,0.0,,,,3.2014213502407074e-10
5769,15/9-F-5,2012,7,740.33333,0.0,0.0,0.0,155141.689089375,740.33333,,,,155141.689089375,both,0.0,,,,0.0
5769,15/9-F-5,2012,8,309.12499,0.0,0.0,0.0,65973.97081895833,309.12499,,,,65973.9708189583,both,0.0,,,,2.9103830456733704e-11
5769,15/9-F-5,2012,9,37.283339999999995,0.0,0.0,0.0,8067.451343125,37.28334,,,,8067.451343125,both,7.105427357601002e-15,,,,0.0
5769,15/9-F-5,2012,10,538.16666,0.0,0.0,0.0,118485.32129791667,538.16666,,,,118485.321297917,both,0.0,,,,3.346940502524376e-10
5769,15/9-F-5,2012,11,720.0,0.0,0.0,0.0,168629.70252166668,720.0,,,,168629.702521667,both,0.0,,,,3.2014213502407074e-10
5769,15/9-F-5,2012,12,697.83335,0.0,0.0,0.0,154926.22132708333,697.83335,,,,154926.221327083,both,0.0,,,,3.2014213502407074e-10
5769,15/9-F-5,2013,1,732.25,0.0,0.0,0.0,159939.686388875,732.25,,,,159939.686388875,both,0.0,,,,0.0
5769,15/9-F-5,2013,2,672.0,0.0,0.0,0.0,147798.464818125,672.0,,,,147798.464818125,both,0.0,,,,0.0
5769,15/9-F-5,2013,3,400.46668,0.0,0.0,0.0,85998.06514895834,400.46668,,,,85998.0651489583,both,0.0,,,,4.3655745685100555e-11
5769,15/9-F-5,2013,4,561.16832,0.0,0.0,0.0,121656.595674375,561.16832,,,,121656.595674375,both,0.0,,,,0.0
5769,15/9-F-5,2013,5,681.3,0.0,0.0,0.0,170935.465968125,681.3,,,,170935.465968125,both,0.0,,,,0.0
5769,15/9-F-5,2013,6,573.24999,0.0,0.0,0.0,138629.205471875,573.24999,,,,138629.205471875,both,0.0,,,,0.0
5769,15/9-F-5,2013,7,654.29167,0.0,0.0,0.0,131248.92144416666,654.29167,,,,131248.921444167,both,0.0,,,,3.4924596548080444e-10
5769,15/9-F-5,2013,8,687.05,0.0,0.0,0.0,185791.65160104167,687.05,,,,185791.651601042,both,0.0,,,,3.2014213502407074e-10
5769,15/9-F-5,2013,9,608.925,0.0,0.0,0.0,141322.97444104168,608.925,,,,141322.974441042,both,0.0,,,,3.2014213502407074e-10
5769,15/9-F-5,2013,10,654.41668,0.0,0.0,0.0,167622.05163270835,654.41668,,,,167622.051632708,both,0.0,,,,3.4924596548080444e-10
5769,15/9-F-5,2013,11,681.66667,0.0,0.0,0.0,167983.46090354168,681.66667,,,,167983.460903542,both,0.0,,,,3.2014213502407074e-10
5769,15/9-F-5,2013,12,676.25,0.0,0.0,0.0,169674.005445625,676.25,,,,169674.005445625,both,0.0,,,,0.0
5769,15/9-F-5,2014,1,661.16667,0.0,0.0,0.0,139161.964208125,661.16667,,,,139161.964208125,both,0.0,,,,0.0
5769,15/9-F-5,2014,2,580.60833,0.0,0.0,0.0,139875.10921729167,580.60833,,,,139875.109217292,both,0.0,,,,3.2014213502407074e-10
5769,15/9-F-5,2014,3,691.41667,0.0,0.0,0.0,168354.4003448279,691.41667,,,,168354.400344828,both,0.0,,,,8.731149137020111e-11
5769,15/9-F-5,2014,4,707.54167,0.0,0.0,0.0,170365.94510833334,707.54167,,,,170365.945108333,both,0.0,,,,3.4924596548080444e-10
5769,15/9-F-5,2014,5,606.33334,0.0,0.0,0.0,155443.53009770834,606.33334,,,,155443.530097708,both,0.0,,,,3.4924596548080444e-10
5769,15/9-F-5,2014,6,699.08333,0.0,0.0,0.0,170548.081449375,699.08333,,,,170548.081449375,both,0.0,,,,0.0
5769,15/9-F-5,2014,7,742.33334,0.0,0.0,0.0,149633.53732729168,742.33334,,,,149633.537327292,both,0.0,,,,3.2014213502407074e-10
5769,15/9-F-5,2014,8,606.37964,0.0,0.0,0.0,122109.851845,606.37964,,,,122109.851845,both,0.0,,,,0.0
5769,15/9-F-5,2014,9,691.49999,0.0,0.0,0.0,160662.46833416665,691.49999,,,,160662.468334167,both,0.0,,,,3.4924596548080444e-10
5769,15/9-F-5,2014,10,741.83334,0.0,0.0,0.0,166833.31391160833,741.83334,,,,166833.313911608,both,0.0,,,,3.2014213502407074e-10
5769,15/9-F-5,2014,11,660.55833,0.0,0.0,0.0,146406.90984041666,660.55833,,,,146406.909840417,both,0.0,,,,3.4924596548080444e-10
5769,15/9-F-5,2014,12,394.325,0.0,0.0,0.0,95714.36677916667,394.325,,,,95714.3667791667,both,0.0,,,,2.9103830456733704e-11
5769,15/9-F-5,2015,1,702.63334,0.0,0.0,0.0,116851.66232979167,702.63334,,,,116851.662329792,both,0.0,,,,3.346940502524376e-10
5769,15/9-F-5,2015,2,583.88333,0.0,0.0,0.0,122957.75482979167,583.88333,,,,122957.754829792,both,0.0,,,,3.346940502524376e-10
5769,15/9-F-5,2015,3,744.0,0.0,0.0,0.0,127803.68713271739,744.0,,,,127803.687132717,both,0.0,,,,3.92901711165905e-10
5769,15/9-F-5,2015,4,707.66667,0.0,0.0,0.0,146997.13833604165,707.66667,,,,146997.138336042,both,0.0,,,,3.4924596548080444e-10
5769,15/9-F-5,2015,5,744.0,0.0,0.0,0.0,135253.88426375,744.0,,,,135253.88426375,both,0.0,,,,0.0
5769,15/9-F-5,2015,6,717.45,0.0,0.0,0.0,146025.80091291666,717.45,,,,146025.800912917,both,0.0,,,,3.4924596548080444e-10
5769,15/9-F-5,2015,7,739.675,0.0,0.0,0.0,117659.77035020833,739.675,,,,117659.770350208,both,0.0,,,,3.346940502524376e-10
5769,15/9-F-5,2015,8,606.19972,0.0,0.0,0.0,113141.00622416666,606.19972,,,,113141.006224167,both,0.0,,,,3.346940502524376e-10
5769,15/9-F-5,2015,9,711.73376,0.0,0.0,0.0,128260.87112729167,711.73376,,,,128260.871127292,both,0.0,,,,3.346940502524376e-10
5769,15/9-F-5,2015,10,724.40764,0.0,0.0,0.0,134374.87116976667,724.40764,,,,134374.871169767,both,0.0,,,,3.2014213502407074e-10
5769,15/9-F-5,2015,11,642.93334,0.0,0.0,0.0,134602.94090354166,642.93334,,,,134602.940903542,both,0.0,,,,3.4924596548080444e-10
5769,15/9-F-5,2015,12,739.24999,0.0,0.0,0.0,145383.33062729167,739.24999,,,,145383.330627292,both,0.0,,,,3.2014213502407074e-10
5769,15/9-F-5,2016,1,721.41666,0.0,0.0,0.0,148394.55609979166,721.41666,,,,148394.556099792,both,0.0,,,,3.4924596548080444e-10
5769,15/9-F-5,2016,2,691.25002,0.0,0.0,0.0,164188.597139375,691.25002,,,,164188.597139375,both,0.0,,,,0.0
5769,15/9-F-5,2016,3,743.0,0.0,0.0,0.0,139810.591270625,743.0,,,,139810.591270625,both,0.0,,,,0.0
5769,15/9-F-5,2016,4,345.41668,3400.61,538638.5599999999,2380.78,20226.95879,345.41668,3400.61,538638.56,2380.78,20226.95879,both,0.0,0.0,1.1641532182693481e-10,0.0,0.0
5769,15/9-F-5,2016,5,732.0,9724.4,1534677.16,3949.9,0.0,732.0,9724.4,1534677.16,3949.9,0.0,both,0.0,0.0,0.0,0.0,0.0
5769,15/9-F-5,2016,6,718.41667,9121.48,1468557.1199999999,2376.93,0.0,718.41667,9121.48,1468557.12,2376.93,,both,0.0,0.0,2.3283064365386963e-10,0.0,
5769,15/9-F-5,2016,7,668.64168,9985.289999999999,1602674.39,2453.71,0.0,668.64168,9985.29,1602674.39,2453.71,0.0,both,0.0,1.8189894035458565e-12,0.0,0.0,0.0
5769,15/9-F-5,2016,8,608.425,8928.9,1417278.51,2371.86,0.0,608.425,8928.9,1417278.51,2371.86,0.0,both,0.0,0.0,0.0,0.0,0.0
5769,15/9-F-5,2016,9,0.0,0.0,0.0,0.0,0.0,0.0,0.0,0.0,0.0,0.0,both,0.0,0.0,0.0,0.0,0.0
7078,15/9-F-11,2013,7,112.91514,3923.08,590504.52,0.0,0.0,112.91514,3923.08,590504.52,0.0,,both,0.0,0.0,0.0,0.0,
7078,15/9-F-11,2013,8,586.71667,25496.07,3871942.31,520.01,0.0,586.71667,25496.07,3871942.31,520.01,,both,0.0,0.0,0.0,0.0,
7078,15/9-F-11,2013,9,538.91667,23775.08,3661574.0,1573.61,0.0,538.91667,23775.08,3661574.0,1573.61,,both,0.0,0.0,0.0,0.0,
7078,15/9-F-11,2013,10,678.49991,34114.5,5272724.29,1926.53,0.0,678.49991,34114.5,5272724.29,1926.53,,both,0.0,0.0,0.0,0.0,
7078,15/9-F-11,2013,11,712.0,35386.35,5413486.14,3791.2200000000003,0.0,712.0,35386.35,5413486.14,3791.22,,both,0.0,0.0,0.0,4.547473508864641e-13,
7078,15/9-F-11,2013,12,662.08335,33405.75,5190658.82,4963.26,0.0,662.08335,33405.75,5190658.82,4963.26,,both,0.0,0.0,0.0,0.0,
7078,15/9-F-11,2014,1,668.08333,34552.37,5193353.22,4343.49,0.0,668.08333,34552.37,5193353.22,4343.49,,both,0.0,0.0,0.0,0.0,
7078,15/9-F-11,2014,2,562.66666,28189.97,4255282.68,2841.37,0.0,562.66666,28189.97,4255282.68,2841.37,,both,0.0,0.0,0.0,0.0,
7078,15/9-F-11,2014,3,655.49999,33290.79,5039849.75,3692.22,0.0,655.49999,33290.79,5039849.75,3692.22,,both,0.0,0.0,0.0,0.0,
7078,15/9-F-11,2014,4,691.51685,35428.73,5301958.8,4124.45,0.0,691.51685,35428.73,5301958.8,4124.45,,both,0.0,0.0,0.0,0.0,
7078,15/9-F-11,2014,5,731.5,34831.88,4902619.28,5017.47,0.0,731.5,34831.88,4902619.28,5017.47,,both,0.0,0.0,0.0,0.0,
7078,15/9-F-11,2014,6,709.33333,33898.64,4990684.5200000005,6083.59,0.0,709.33333,33898.64,4990684.52,6083.59,,both,0.0,0.0,9.313225746154785e-10,0.0,
7078,15/9-F-11,2014,7,742.66667,33760.33,5035917.29,6800.85,0.0,742.66667,33760.33,5035917.29,6800.85,,both,0.0,0.0,0.0,0.0,
7078,15/9-F-11,2014,8,599.11669,26037.54,4033770.42,6076.52,0.0,599.11669,26037.54,4033770.42,6076.52,,both,0.0,0.0,0.0,0.0,
7078,15/9-F-11,2014,9,690.66667,33221.64,5220328.68,8349.05,0.0,690.66667,33221.64,5220328.68,8349.05,,both,0.0,0.0,0.0,0.0,
7078,15/9-F-11,2014,10,745.0,33851.72,5237208.3,10287.9,0.0,745.0,33851.72,5237208.3,10287.9,,both,0.0,0.0,0.0,0.0,
7078,15/9-F-11,2014,11,692.39181,26611.5,4153116.29,9403.58,0.0,692.39181,26611.5,4153116.29,9403.58,,both,0.0,0.0,0.0,0.0,
7078,15/9-F-11,2014,12,733.8582,8547.92,1413111.6400000001,3079.0499999999997,0.0,733.8582,8547.92,1413111.64,3079.05,,both,0.0,0.0,2.3283064365386963e-10,4.547473508864641e-13,
7078,15/9-F-11,2015,1,708.33333,29561.8,4358978.95,13860.6,0.0,708.33333,29561.8,4358978.95,13860.6,,both,0.0,0.0,0.0,0.0,
7078,15/9-F-11,2015,2,632.16667,25347.22,3836073.69,14061.01,0.0,632.16667,25347.22,3836073.69,14061.01,,both,0.0,0.0,0.0,0.0,
7078,15/9-F-11,2015,3,743.83333,44316.19,6516700.49,19387.3,0.0,743.83333,44316.19,6516700.49,19387.3,,both,0.0,0.0,0.0,0.0,
7078,15/9-F-11,2015,4,720.0,54555.76,7956467.49,23839.72,0.0,720.0,54555.76,7956467.49,23839.72,,both,0.0,0.0,0.0,0.0,
7078,15/9-F-11,2015,5,744.0,55029.22,8027510.44,24425.53,0.0,744.0,55029.22,8027510.44,24425.53,,both,0.0,0.0,0.0,0.0,
7078,15/9-F-11,2015,6,718.81667,48231.1,7065851.59,22891.62,0.0,718.81667,48231.1,7065851.59,22891.62,,both,0.0,0.0,0.0,0.0,
7078,15/9-F-11,2015,7,744.0,43784.66,6508853.29,36195.93,0.0,744.0,43784.66,6508853.29,36195.93,,both,0.0,0.0,0.0,0.0,
7078,15/9-F-11,2015,8,632.01681,31498.15,4769902.18,31870.44,0.0,632.01681,31498.15,4769902.18,31870.44,,both,0.0,0.0,0.0,0.0,
7078,15/9-F-11,2015,9,718.72458,31424.59,4748109.86,37411.85,0.0,718.72458,31424.59,4748109.86,37411.85,,both,0.0,0.0,0.0,0.0,
7078,15/9-F-11,2015,10,626.89181,29724.78,4501570.02,38022.56,0.0,626.89181,29724.78,4501570.02,38022.56,,both,0.0,0.0,0.0,0.0,
7078,15/9-F-11,2015,11,671.3081999999999,36410.23,5558573.35,57058.61,0.0,671.3082,36410.23,5558573.35,57058.61,,both,1.1368683772161603e-13,0.0,0.0,0.0,
7078,15/9-F-11,2015,12,740.16667,35933.9,5504665.46,62976.28,0.0,740.16667,35933.9,5504665.46,62976.28,,both,0.0,0.0,0.0,0.0,
7078,15/9-F-11,2016,1,736.49999,31603.26,4949940.78,67980.66,0.0,736.49999,31603.26,4949940.78,67980.66,,both,0.0,0.0,0.0,0.0,
7078,15/9-F-11,2016,2,695.58333,25954.57,4093286.56,66610.49,0.0,695.58333,25954.57,4093286.56,66610.49,,both,0.0,0.0,0.0,0.0,
7078,15/9-F-11,2016,3,743.0,25023.66,4032038.1,76636.95999999999,0.0,743.0,25023.66,4032038.1,76636.96,,both,0.0,0.0,0.0,1.4551915228366852e-11,
7078,15/9-F-11,2016,4,579.08332,13429.0,2194427.05,57931.66,0.0,579.08332,13429.0,2194427.05,57931.66,,both,0.0,0.0,0.0,0.0,
7078,15/9-F-11,2016,5,744.0,15528.75,2450713.77,73445.23,0.0,744.0,15528.75,2450713.77,73445.23,,both,0.0,0.0,0.0,0.0,
7078,15/9-F-11,2016,6,718.41667,14590.61,2349131.22,71699.35,0.0,718.41667,14590.61,2349131.22,71699.35,,both,0.0,0.0,0.0,0.0,
7078,15/9-F-11,2016,7,740.00101,14384.88,2309447.4699999997,77084.72,0.0,740.00101,14384.88,2309447.47,77084.72,,both,0.0,0.0,4.656612873077393e-10,0.0,
7078,15/9-F-11,2016,8,743.66667,14583.73,2341371.55,87762.19,0.0,743.66667,14583.73,2341371.55,87762.19,,both,0.0,0.0,0.0,0.0,
7078,15/9-F-11,2016,9,392.27514,8609.18,1458816.35,46779.39,0.0,392.27514,8609.18,1458816.35,46779.39,,both,0.0,0.0,0.0,0.0,
7289,15/9-F-15 D,2014,1,339.91667,5674.63,820968.96,0.0,0.0,339.91667,5674.63,820968.96,0.0,,both,0.0,0.0,0.0,0.0,
7289,15/9-F-15 D,2014,2,595.65001,7898.6,1196183.89,0.0,0.0,595.65001,7898.6,1196183.89,0.0,,both,0.0,0.0,0.0,0.0,
7289,15/9-F-15 D,2014,3,670.75,7081.47,1076363.95,0.0,0.0,670.75,7081.47,1076363.95,0.0,,both,0.0,0.0,0.0,0.0,
7289,15/9-F-15 D,2014,4,700.875,7163.3,1074270.33,0.0,0.0,700.875,7163.3,1074270.33,0.0,,both,0.0,0.0,0.0,0.0,
7289,15/9-F-15 D,2014,5,744.0,7218.61,1014000.02,0.0,0.0,744.0,7218.61,1014000.02,0.0,,both,0.0,0.0,0.0,0.0,
7289,15/9-F-15 D,2014,6,709.33334,7012.55,1032224.48,0.0,0.0,709.33334,7012.55,1032224.48,0.0,,both,0.0,0.0,0.0,0.0,
7289,15/9-F-15 D,2014,7,732.66639,6847.42,1021004.3099999999,0.0,0.0,732.66639,6847.42,1021004.31,0.0,,both,0.0,0.0,1.1641532182693481e-10,0.0,
7289,15/9-F-15 D,2014,8,433.325,3475.39,526611.07,0.0,0.0,433.325,3475.39,526611.07,0.0,,both,0.0,0.0,0.0,0.0,
7289,15/9-F-15 D,2014,9,647.45834,5314.55,833248.65,0.0,0.0,647.45834,5314.55,833248.65,0.0,,both,0.0,0.0,0.0,0.0,
7289,15/9-F-15 D,2014,10,733.33333,5732.97,886879.16,182.78,0.0,733.33333,5732.97,886879.16,182.78,,both,0.0,0.0,0.0,0.0,
7289,15/9-F-15 D,2014,11,597.375,4716.31,732052.12,192.87,0.0,597.375,4716.31,732052.12,192.87,,both,0.0,0.0,0.0,0.0,
7289,15/9-F-15 D,2014,12,0.0,0.0,0.0,0.0,0.0,0.0,0.0,0.0,0.0,,both,0.0,0.0,0.0,0.0,
7289,15/9-F-15 D,2015,1,697.46666,5975.51,878873.59,207.79,0.0,697.46666,5975.51,878873.59,207.79,,both,0.0,0.0,0.0,0.0,
7289,15/9-F-15 D,2015,2,649.39166,4581.29,696960.15,258.99,0.0,649.39166,4581.29,696960.15,258.99,,both,0.0,0.0,0.0,0.0,
7289,15/9-F-15 D,2015,3,665.66667,4133.47,610220.42,309.74,0.0,665.66667,4133.47,610220.42,309.74,,both,0.0,0.0,0.0,0.0,
7289,15/9-F-15 D,2015,4,720.0,4259.92,621371.14,318.03,0.0,720.0,4259.92,621371.14,318.03,,both,0.0,0.0,0.0,0.0,
7289,15/9-F-15 D,2015,5,737.16667,4057.96,591890.28,301.77,0.0,737.16667,4057.96,591890.28,301.77,,both,0.0,0.0,0.0,0.0,
7289,15/9-F-15 D,2015,6,718.98334,3665.8,537022.8,291.57,0.0,718.98334,3665.8,537022.8,291.57,,both,0.0,0.0,0.0,0.0,
7289,15/9-F-15 D,2015,7,420.18361,2238.45,329941.91,184.75,0.0,420.18361,2238.45,329941.91,184.75,,both,0.0,0.0,0.0,0.0,
7289,15/9-F-15 D,2015,8,276.29097,3577.67,542285.92,1856.58,0.0,276.29097,3577.67,542285.92,1856.58,,both,0.0,0.0,0.0,0.0,
7289,15/9-F-15 D,2015,9,719.15805,7417.35,1121246.68,3986.62,0.0,719.15805,7417.35,1121246.68,3986.62,,both,0.0,0.0,0.0,0.0,
7289,15/9-F-15 D,2015,10,743.16667,6346.83,972413.69,3628.62,0.0,743.16667,6346.83,972413.69,3628.62,,both,0.0,0.0,0.0,0.0,
7289,15/9-F-15 D,2015,11,438.72541,3926.0099999999998,605737.54,2740.47,0.0,438.72541,3926.01,605737.54,2740.47,,both,0.0,4.547473508864641e-13,0.0,0.0,
7289,15/9-F-15 D,2015,12,541.175,4919.04,751606.71,5075.94,0.0,541.175,4919.04,751606.71,5075.94,,both,0.0,0.0,0.0,0.0,
7289,15/9-F-15 D,2016,1,350.4,2890.93,445568.02,3648.91,0.0,350.4,2890.93,445568.02,3648.91,,both,0.0,0.0,0.0,0.0,
7289,15/9-F-15 D,2016,2,694.75,5109.33,805794.85,5891.02,0.0,694.75,5109.33,805794.85,5891.02,,both,0.0,0.0,0.0,0.0,
7289,15/9-F-15 D,2016,3,550.65832,3747.55,600593.91,5035.04,0.0,550.65832,3747.55,600593.91,5035.04,,both,0.0,0.0,0.0,0.0,
7289,15/9-F-15 D,2016,4,576.50834,4544.16,751127.49,5688.1,0.0,576.50834,4544.16,751127.49,5688.1,,both,0.0,0.0,0.0,0.0,
7289,15/9-F-15 D,2016,5,677.16667,4699.01,740192.61,6004.13,0.0,677.16667,4699.01,740192.61,6004.13,,both,0.0,0.0,0.0,0.0,
7289,15/9-F-15 D,2016,6,604.91666,3463.91,555535.97,5390.5,0.0,604.91666,3463.91,555535.97,5390.5,,both,0.0,0.0,0.0,0.0,
7289,15/9-F-15 D,2016,7,138.375,828.57,133160.33000000002,1172.18,0.0,138.375,828.57,133160.33,1172.18,,both,0.0,0.0,2.9103830456733704e-11,0.0,
7289,15/9-F-15 D,2016,8,0.0,0.0,0.0,0.0,0.0,0.0,0.0,0.0,0.0,,both,0.0,0.0,0.0,0.0,
7289,15/9-F-15 D,2016,9,0.0,0.0,0.0,0.0,0.0,0.0,0.0,0.0,0.0,,both,0.0,0.0,0.0,0.0,
7405,15/9-F-1 C,2014,4,227.5,11142.47,1597936.65,0.0,0.0,227.5,11142.47,1597936.65,0.0,,both,0.0,0.0,0.0,0.0,
7405,15/9-F-1 C,2014,5,733.83334,24901.95,3496229.65,783.48,0.0,733.83334,24901.95,3496229.65,783.48,,both,0.0,0.0,0.0,0.0,
7405,15/9-F-1 C,2014,6,705.91666,19617.76,2886661.69,2068.48,0.0,705.91666,19617.76,2886661.69,2068.48,,both,0.0,0.0,0.0,0.0,
7405,15/9-F-1 C,2014,7,742.41666,15085.68,2249365.75,6243.98,0.0,742.41666,15085.68,2249365.75,6243.98,,both,0.0,0.0,0.0,0.0,
7405,15/9-F-1 C,2014,8,432.99166,6970.43,1048190.8,4529.75,0.0,432.99166,6970.43,1048190.8,4529.75,,both,0.0,0.0,0.0,0.0,
7405,15/9-F-1 C,2014,9,630.3,9168.43,1414099.99,8317.59,0.0,630.3,9168.43,1414099.99,8317.59,,both,0.0,0.0,0.0,0.0,
7405,15/9-F-1 C,2014,10,745.0,9468.06,1462063.99,10364.869999999999,0.0,745.0,9468.06,1462063.99,10364.87,,both,0.0,0.0,0.0,1.8189894035458565e-12,
7405,15/9-F-1 C,2014,11,579.775,6710.33,1044188.2999999999,7234.24,0.0,579.775,6710.33,1044188.3,7234.24,,both,0.0,0.0,1.1641532182693481e-10,0.0,
7405,15/9-F-1 C,2014,12,27.5,120.29,25857.08,183.44,0.0,27.5,120.29,25857.08,183.44,,both,0.0,0.0,0.0,0.0,
7405,15/9-F-1 C,2015,1,479.91667,10875.53,1604934.6,6850.8,0.0,479.91667,10875.53,1604934.6,6850.8,,both,0.0,0.0,0.0,0.0,
7405,15/9-F-1 C,2015,2,437.41667,9586.64,1439453.67,10744.99,0.0,437.41667,9586.64,1439453.67,10744.99,,both,0.0,0.0,0.0,0.0,
7405,15/9-F-1 C,2015,3,320.20833,5879.22,856681.45,11607.44,0.0,320.20833,5879.22,856681.45,11607.44,,both,0.0,0.0,0.0,0.0,
7405,15/9-F-1 C,2015,4,262.83333,3924.1800000000003,566709.81,9815.16,0.0,262.83333,3924.18,566709.81,9815.16,,both,0.0,4.547473508864641e-13,0.0,0.0,
7405,15/9-F-1 C,2015,5,181.08333,3832.69,559060.34,6167.47,0.0,181.08333,3832.69,559060.34,6167.47,,both,0.0,0.0,0.0,0.0,
7405,15/9-F-1 C,2015,6,466.44986,6344.5,925337.48,14548.69,0.0,466.44986,6344.5,925337.48,14548.69,,both,0.0,0.0,0.0,0.0,
7405,15/9-F-1 C,2015,7,241.66667,2093.95,315178.96,8454.26,0.0,241.66667,2093.95,315178.96,8454.26,,both,0.0,0.0,0.0,0.0,
7405,15/9-F-1 C,2015,8,147.79167,2871.02,427692.58999999997,5334.03,0.0,147.79167,2871.02,427692.59,5334.03,,both,0.0,0.0,5.820766091346741e-11,0.0,
7405,15/9-F-1 C,2015,9,384.4668,6460.27,961548.42,14767.12,0.0,384.4668,6460.27,961548.42,14767.12,,both,0.0,0.0,0.0,0.0,
7405,15/9-F-1 C,2015,10,367.79986,4085.8,631372.5599999999,13538.71,0.0,367.79986,4085.8,631372.56,13538.71,,both,0.0,0.0,1.1641532182693481e-10,0.0,
7405,15/9-F-1 C,2015,11,301.25833,3332.05,508384.43,11682.31,0.0,301.25833,3332.05,508384.43,11682.31,,both,0.0,0.0,0.0,0.0,
7405,15/9-F-1 C,2015,12,197.65833,2949.42,454911.3,6231.55,0.0,197.65833,2949.42,454911.3,6231.55,,both,0.0,0.0,0.0,0.0,
7405,15/9-F-1 C,2016,1,387.68334,2981.44,471675.96,14036.28,0.0,387.68334,2981.44,471675.96,14036.28,,both,0.0,0.0,0.0,0.0,
7405,15/9-F-1 C,2016,2,484.48332,4718.03,742339.77,15945.73,0.0,484.48332,4718.03,742339.77,15945.73,,both,0.0,0.0,0.0,0.0,
7405,15/9-F-1 C,2016,3,356.75833,2917.5,476830.19,13410.89,0.0,356.75833,2917.5,476830.19,13410.89,,both,0.0,0.0,0.0,0.0,
7405,15/9-F-1 C,2016,4,140.82499,1671.69,274213.17,4441.13,0.0,140.82499,1671.69,274213.17,4441.13,,both,0.0,0.0,0.0,0.0,
