producer,date,actual_liquid,crmip_prediction,persistence_prediction,crmip_residual
15/9-F-12,2013-12-01,132938.78,132865.17516263836,130163.75,73.60483736163587
15/9-F-12,2014-01-01,92027.5,133155.73438810772,132938.78,-41128.234388107725
15/9-F-12,2014-02-01,116399.26,127911.53334248102,92027.5,-11512.273342481029
15/9-F-12,2014-03-01,134186.84,128034.10380235642,116399.26,6152.736197643579
15/9-F-12,2014-04-01,147036.83,132928.9296945613,134186.84,14107.9003054387
15/9-F-12,2014-05-01,91985.96,133274.66030938443,147036.83,-41288.700309384425
15/9-F-12,2014-06-01,157785.88,130709.89758867177,91985.96,27075.982411328238
15/9-F-12,2014-07-01,158106.22,133305.96468733097,157785.88,24800.255312669033
15/9-F-12,2014-08-01,131077.58,129711.31587299662,158106.22,1366.2641270033637
15/9-F-12,2014-09-01,154438.37,124980.73291270189,131077.58,29457.637087298106
15/9-F-12,2014-10-01,160751.29,131606.89308658848,154438.37,29144.396913411532
15/9-F-12,2014-11-01,119155.76,132667.49586960333,160751.29,-13511.735869603333
15/9-F-12,2014-12-01,0.0,129156.74509828835,119155.76,-129156.74509828835
15/9-F-12,2015-01-01,37300.77,120444.05719881857,0.0,-83143.28719881858
15/9-F-12,2015-02-01,34694.05,124076.99107202157,37300.77,-89382.94107202157
15/9-F-12,2015-03-01,38597.09,125126.46458222154,34694.05,-86529.37458222154
15/9-F-12,2015-04-01,40604.62,125959.35031419006,38597.09,-85354.73031419006
15/9-F-12,2015-05-01,42197.31,129258.18949724926,40604.62,-87060.87949724926
15/9-F-12,2015-06-01,52438.979999999996,127239.83924752237,42197.31,-74800.85924752237
15/9-F-12,2015-07-01,55637.979999999996,129091.24269181961,52438.979999999996,-73453.26269181962
15/9-F-12,2015-08-01,45102.29,124215.88328207987,55637.979999999996,-79113.59328207988
15/9-F-12,2015-09-01,47559.87,123439.2289268372,45102.29,-75879.35892683719
15/9-F-12,2015-10-01,50039.75,126037.92796787189,47559.87,-75998.17796787189
15/9-F-12,2015-11-01,49031.98,127088.76049881501,50039.75,-78056.780498815
15/9-F-12,2015-12-01,48143.97,127127.95960747276,49031.98,-78983.98960747276
15/9-F-12,2016-01-01,48464.840000000004,128980.81927727078,48143.97,-80515.97927727079
15/9-F-12,2016-02-01,42897.58,129498.36812311229,48464.840000000004,-86600.78812311229
15/9-F-12,2016-03-01,47867.14,132212.93990995892,42897.58,-84345.79990995892
15/9-F-14,2013-12-01,112803.29,123030.39382600681,122986.53,-10227.103826006816
15/9-F-14,2014-01-01,123412.31999999999,122469.55690551418,112803.29,942.7630944858101
15/9-F-14,2014-02-01,111196.41,121910.39227588328,123412.31999999999,-10713.982275883274
15/9-F-14,2014-03-01,116456.02,120052.67236985685,111196.41,-3596.652369856849
15/9-F-14,2014-04-01,121434.53,120287.06875405928,116456.02,1147.4612459407217
15/9-F-14,2014-05-01,112488.23,123030.75097415158,121434.53,-10542.520974151586
15/9-F-14,2014-06-01,116678.96,123087.03603192778,112488.23,-6408.076031927776
15/9-F-14,2014-07-01,113261.1,126878.83249109675,116678.96,-13617.732491096744
15/9-F-14,2014-08-01,91259.57,132205.52704168088,113261.1,-40945.95704168087
15/9-F-14,2014-09-01,107563.58,133458.1934847796,91259.57,-25894.61348477959
15/9-F-14,2014-10-01,115039.62,135844.91296288886,107563.58,-20805.292962888867
15/9-F-14,2014-11-01,113771.28,139557.8516005997,115039.62,-25786.57160059971
15/9-F-14,2014-12-01,109920.05,138549.14909214678,113771.28,-28629.099092146775
15/9-F-14,2015-01-01,104145.83,129517.37512693345,109920.05,-25371.545126933444
15/9-F-14,2015-02-01,99023.26,122718.72542544204,104145.83,-23695.465425442046
15/9-F-14,2015-03-01,115523.37,120388.96458347219,99023.26,-4865.594583472193
15/9-F-14,2015-04-01,108990.26,119199.20264832905,115523.37,-10208.942648329059
15/9-F-14,2015-05-01,110075.26,118687.11759262449,108990.26,-8611.857592624496
15/9-F-14,2015-06-01,106437.0,117013.16650040602,110075.26,-10576.16650040602
15/9-F-14,2015-07-01,102945.28,118186.76237577476,106437.0,-15241.482375774765
15/9-F-14,2015-08-01,84472.95,118819.27670462153,102945.28,-34346.32670462153
15/9-F-14,2015-09-01,89811.72,116000.77390726151,84472.95,-26189.053907261507
15/9-F-14,2015-10-01,103499.83,115055.8336326652,89811.72,-11556.003632665204
15/9-F-14,2015-11-01,101492.64,114392.38085967426,103499.83,-12899.74085967426
15/9-F-14,2015-12-01,99751.84,115809.08754163867,101492.64,-16057.247541638673
15/9-F-14,2016-01-01,101754.02,116443.98273241226,99751.84,-14689.962732412256
15/9-F-14,2016-02-01,90299.62,116940.33331043241,101754.02,-26640.713310432417
15/9-F-14,2016-03-01,101873.04000000001,117049.42041103228,90299.62,-15176.380411032267
15/9-F-11,2015-06-01,71122.72,68920.97931413664,79454.75,2201.740685863362
15/9-F-11,2015-07-01,79980.59,61597.38015517156,71122.72,18383.209844828438
15/9-F-11,2015-08-01,63368.59,56505.65121394523,79980.59,6862.938786054765
15/9-F-11,2015-09-01,68836.44,52965.62899897527,63368.59,15870.811001024733
15/9-F-11,2015-10-01,67747.34,50504.43021649085,68836.44,17242.909783509145
15/9-F-11,2015-11-01,93468.84,48793.28290906338,67747.34,44675.557090936614
15/9-F-11,2015-12-01,98910.18000000001,47603.60855243063,93468.84,51306.571447569375
15/9-F-11,2016-01-01,99583.92,46776.48800948452,98910.18000000001,52807.43199051548
15/9-F-11,2016-02-01,92565.06,46201.432836821776,99583.92,46363.62716317822
15/9-F-11,2016-03-01,101660.62,45801.62600198075,92565.06,55858.99399801924
15/9-F-15 D,2015-07-01,2423.2,5411.873844207753,3957.37,-2988.673844207753
15/9-F-15 D,2015-08-01,5434.25,4931.868208139991,2423.2,502.3817918600089
15/9-F-15 D,2015-09-01,11403.97,4855.402286155636,5434.25,6548.567713844363
15/9-F-15 D,2015-10-01,9975.449999999999,5111.25836656837,11403.97,4864.191633431629
15/9-F-15 D,2015-11-01,6666.48,5214.718545912305,9975.449999999999,1451.7614540876948
15/9-F-15 D,2015-12-01,9994.98,5218.577957467344,6666.48,4776.402042532655
15/9-F-15 D,2016-01-01,6539.84,5401.002048830028,9994.98,1138.8379511699723
15/9-F-15 D,2016-02-01,11000.35,5451.957545088152,6539.84,5548.392454911848
15/9-F-15 D,2016-03-01,8782.59,5719.221884851333,11000.35,3063.368115148667
15/9-F-1 C,2015-08-01,8205.05,15723.071136510373,10548.21,-7518.021136510373
15/9-F-1 C,2015-09-01,21227.39,15641.593540403252,8205.05,5585.796459596748
15/9-F-1 C,2015-10-01,17624.51,15914.218920950487,21227.39,1710.2910790495116
15/9-F-1 C,2015-11-01,15014.36,16024.460081586656,17624.51,-1010.1000815866555
15/9-F-1 C,2015-12-01,9180.97,16028.572443546693,15014.36,-6847.602443546693
15/9-F-1 C,2016-01-01,17017.72,16222.95296419137,9180.97,794.7670358086307
15/9-F-1 C,2016-02-01,20663.76,16277.24818321698,17017.72,4386.511816783019
15/9-F-1 C,2016-03-01,16328.39,16562.02954616629,20663.76,-233.63954616629053
