era,start,end,injector,producer,lag_months,n,corr
EARLY,2008-04-01,2013-06-30,15/9-F-4,15/9-F-12,0,62,0.6920027356749251
EARLY,2008-04-01,2013-06-30,15/9-F-4,15/9-F-12,1,61,-0.11873724470749152
EARLY,2008-04-01,2013-06-30,15/9-F-4,15/9-F-12,2,60,-0.3220801410269906
EARLY,2008-04-01,2013-06-30,15/9-F-4,15/9-F-12,3,59,0.04074561166042248
EARLY,2008-04-01,2013-06-30,15/9-F-4,15/9-F-12,4,58,-0.16293674770227698
EARLY,2008-04-01,2013-06-30,15/9-F-4,15/9-F-12,5,57,0.06228012010647525
EARLY,2008-04-01,2013-06-30,15/9-F-4,15/9-F-12,6,56,0.3210642521415235
EARLY,2008-04-01,2013-06-30,15/9-F-4,15/9-F-14,0,62,0.6192379072646891
EARLY,2008-04-01,2013-06-30,15/9-F-4,15/9-F-14,1,61,-0.05766998784796944
EARLY,2008-04-01,2013-06-30,15/9-F-4,15/9-F-14,2,60,-0.2773859011438197
EARLY,2008-04-01,2013-06-30,15/9-F-4,15/9-F-14,3,59,0.17104876996844676
EARLY,2008-04-01,2013-06-30,15/9-F-4,15/9-F-14,4,58,0.0036147845888087077
EARLY,2008-04-01,2013-06-30,15/9-F-4,15/9-F-14,5,57,0.016795630908747063
EARLY,2008-04-01,2013-06-30,15/9-F-4,15/9-F-14,6,56,0.06192124683752194
EARLY,2008-04-01,2013-06-30,15/9-F-4,15/9-F-11,0,62,
EARLY,2008-04-01,2013-06-30,15/9-F-4,15/9-F-11,1,61,
EARLY,2008-04-01,2013-06-30,15/9-F-4,15/9-F-11,2,60,
EARLY,2008-04-01,2013-06-30,15/9-F-4,15/9-F-11,3,59,
EARLY,2008-04-01,2013-06-30,15/9-F-4,15/9-F-11,4,58,
EARLY,2008-04-01,2013-06-30,15/9-F-4,15/9-F-11,5,57,
EARLY,2008-04-01,2013-06-30,15/9-F-4,15/9-F-11,6,56,
EARLY,2008-04-01,2013-06-30,15/9-F-4,15/9-F-15 D,0,62,
EARLY,2008-04-01,2013-06-30,15/9-F-4,15/9-F-15 D,1,61,
EARLY,2008-04-01,2013-06-30,15/9-F-4,15/9-F-15 D,2,60,
EARLY,2008-04-01,2013-06-30,15/9-F-4,15/9-F-15 D,3,59,
EARLY,2008-04-01,2013-06-30,15/9-F-4,15/9-F-15 D,4,58,
EARLY,2008-04-01,2013-06-30,15/9-F-4,15/9-F-15 D,5,57,
EARLY,2008-04-01,2013-06-30,15/9-F-4,15/9-F-15 D,6,56,
EARLY,2008-04-01,2013-06-30,15/9-F-4,15/9-F-1 C,0,62,
EARLY,2008-04-01,2013-06-30,15/9-F-4,15/9-F-1 C,1,61,
EARLY,2008-04-01,2013-06-30,15/9-F-4,15/9-F-1 C,2,60,
EARLY,2008-04-01,2013-06-30,15/9-F-4,15/9-F-1 C,3,59,
EARLY,2008-04-01,2013-06-30,15/9-F-4,15/9-F-1 C,4,58,
EARLY,2008-04-01,2013-06-30,15/9-F-4,15/9-F-1 C,5,57,
EARLY,2008-04-01,2013-06-30,15/9-F-4,15/9-F-1 C,6,56,
EARLY,2008-04-01,2013-06-30,15/9-F-5,15/9-F-12,0,58,0.7199081197990045
EARLY,2008-04-01,2013-06-30,15/9-F-5,15/9-F-12,1,57,-0.15040628412719625
EARLY,2008-04-01,2013-06-30,15/9-F-5,15/9-F-12,2,56,-0.26681297055284114
EARLY,2008-04-01,2013-06-30,15/9-F-5,15/9-F-12,3,55,0.021280924217003953
EARLY,2008-04-01,2013-06-30,15/9-F-5,15/9-F-12,4,54,-0.11446365014109484
EARLY,2008-04-01,2013-06-30,15/9-F-5,15/9-F-12,5,53,0.07683949089104725
EARLY,2008-04-01,2013-06-30,15/9-F-5,15/9-F-12,6,52,0.22405410221535163
EARLY,2008-04-01,2013-06-30,15/9-F-5,15/9-F-14,0,58,0.7261069113508615
EARLY,2008-04-01,2013-06-30,15/9-F-5,15/9-F-14,1,57,-0.028591431843445776
EARLY,2008-04-01,2013-06-30,15/9-F-5,15/9-F-14,2,56,-0.4645110345274412
EARLY,2008-04-01,2013-06-30,15/9-F-5,15/9-F-14,3,55,0.11056911230090566
EARLY,2008-04-01,2013-06-30,15/9-F-5,15/9-F-14,4,54,-0.015333155289504966
EARLY,2008-04-01,2013-06-30,15/9-F-5,15/9-F-14,5,53,0.028827879513578767
EARLY,2008-04-01,2013-06-30,15/9-F-5,15/9-F-14,6,52,0.10369548582230012
EARLY,2008-04-01,2013-06-30,15/9-F-5,15/9-F-11,0,58,
EARLY,2008-04-01,2013-06-30,15/9-F-5,15/9-F-11,1,57,
EARLY,2008-04-01,2013-06-30,15/9-F-5,15/9-F-11,2,56,
EARLY,2008-04-01,2013-06-30,15/9-F-5,15/9-F-11,3,55,
EARLY,2008-04-01,2013-06-30,15/9-F-5,15/9-F-11,4,54,
EARLY,2008-04-01,2013-06-30,15/9-F-5,15/9-F-11,5,53,
EARLY,2008-04-01,2013-06-30,15/9-F-5,15/9-F-11,6,52,
EARLY,2008-04-01,2013-06-30,15/9-F-5,15/9-F-15 D,0,58,
EARLY,2008-04-01,2013-06-30,15/9-F-5,15/9-F-15 D,1,57,
EARLY,2008-04-01,2013-06-30,15/9-F-5,15/9-F-15 D,2,56,
EARLY,2008-04-01,2013-06-30,15/9-F-5,15/9-F-15 D,3,55,
EARLY,2008-04-01,2013-06-30,15/9-F-5,15/9-F-15 D,4,54,
EARLY,2008-04-01,2013-06-30,15/9-F-5,15/9-F-15 D,5,53,
EARLY,2008-04-01,2013-06-30,15/9-F-5,15/9-F-15 D,6,52,
EARLY,2008-04-01,2013-06-30,15/9-F-5,15/9-F-1 C,0,58,
EARLY,2008-04-01,2013-06-30,15/9-F-5,15/9-F-1 C,1,57,
EARLY,2008-04-01,2013-06-30,15/9-F-5,15/9-F-1 C,2,56,
EARLY,2008-04-01,2013-06-30,15/9-F-5,15/9-F-1 C,3,55,
EARLY,2008-04-01,2013-06-30,15/9-F-5,15/9-F-1 C,4,54,
EARLY,2008-04-01,2013-06-30,15/9-F-5,15/9-F-1 C,5,53,
EARLY,2008-04-01,2013-06-30,15/9-F-5,15/9-F-1 C,6,52,
F11_ON,2013-07-01,2013-12-31,15/9-F-4,15/9-F-12,0,5,0.8615051133857492
F11_ON,2013-07-01,2013-12-31,15/9-F-4,15/9-F-14,0,5,0.389855396883832
F11_ON,2013-07-01,2013-12-31,15/9-F-4,15/9-F-11,0,5,0.8039772637099313
F11_ON,2013-07-01,2013-12-31,15/9-F-4,15/9-F-15 D,0,5,
F11_ON,2013-07-01,2013-12-31,15/9-F-4,15/9-F-1 C,0,5,
F11_ON,2013-07-01,2013-12-31,15/9-F-5,15/9-F-12,0,5,0.9744683674967112
F11_ON,2013-07-01,2013-12-31,15/9-F-5,15/9-F-14,0,5,0.03226046735102397
F11_ON,2013-07-01,2013-12-31,15/9-F-5,15/9-F-11,0,5,0.8817826492604908
F11_ON,2013-07-01,2013-12-31,15/9-F-5,15/9-F-15 D,0,5,
F11_ON,2013-07-01,2013-12-31,15/9-F-5,15/9-F-1 C,0,5,
F1C_ON,2014-04-01,2016-03-31,15/9-F-4,15/9-F-12,0,23,0.8384550891692885
F1C_ON,2014-04-01,2016-03-31,15/9-F-4,15/9-F-12,1,22,-0.07113100889277664
F1C_ON,2014-04-01,2016-03-31,15/9-F-4,15/9-F-12,2,21,-0.28275394598803494
F1C_ON,2014-04-01,2016-03-31,15/9-F-4,15/9-F-12,3,20,0.11701153857148912
F1C_ON,2014-04-01,2016-03-31,15/9-F-4,15/9-F-12,4,19,0.20410713992098933
F1C_ON,2014-04-01,2016-03-31,15/9-F-4,15/9-F-12,5,18,-0.34650943848807114
F1C_ON,2014-04-01,2016-03-31,15/9-F-4,15/9-F-12,6,17,-0.2303628597826375
F1C_ON,2014-04-01,2016-03-31,15/9-F-4,15/9-F-14,0,23,0.35963809919371903
F1C_ON,2014-04-01,2016-03-31,15/9-F-4,15/9-F-14,1,22,-0.009808037564114504
F1C_ON,2014-04-01,2016-03-31,15/9-F-4,15/9-F-14,2,21,-0.17548868667262454
F1C_ON,2014-04-01,2016-03-31,15/9-F-4,15/9-F-14,3,20,0.0017139663638539606
F1C_ON,2014-04-01,2016-03-31,15/9-F-4,15/9-F-14,4,19,0.007494661753854959
F1C_ON,2014-04-01,2016-03-31,15/9-F-4,15/9-F-14,5,18,-0.10090233206930717
F1C_ON,2014-04-01,2016-03-31,15/9-F-4,15/9-F-14,6,17,0.04647263488316706
F1C_ON,2014-04-01,2016-03-31,15/9-F-4,15/9-F-11,0,23,0.5338480551279421
F1C_ON,2014-04-01,2016-03-31,15/9-F-4,15/9-F-11,1,22,-0.09156875040857244
F1C_ON,2014-04-01,2016-03-31,15/9-F-4,15/9-F-11,2,21,-0.12257245431693581
F1C_ON,2014-04-01,2016-03-31,15/9-F-4,15/9-F-11,3,20,-0.1368145504811095
F1C_ON,2014-04-01,2016-03-31,15/9-F-4,15/9-F-11,4,19,-0.22901805383886292
F1C_ON,2014-04-01,2016-03-31,15/9-F-4,15/9-F-11,5,18,-0.19937662190702887
F1C_ON,2014-04-01,2016-03-31,15/9-F-4,15/9-F-11,6,17,0.14579531874917534
F1C_ON,2014-04-01,2016-03-31,15/9-F-4,15/9-F-15 D,0,23,0.2833807016273819
F1C_ON,2014-04-01,2016-03-31,15/9-F-4,15/9-F-15 D,1,22,-0.36427677285491816
F1C_ON,2014-04-01,2016-03-31,15/9-F-4,15/9-F-15 D,2,21,-0.21073205176405096
F1C_ON,2014-04-01,2016-03-31,15/9-F-4,15/9-F-15 D,3,20,0.39125545261370304
F1C_ON,2014-04-01,2016-03-31,15/9-F-4,15/9-F-15 D,4,19,-0.0681925791171452
F1C_ON,2014-04-01,2016-03-31,15/9-F-4,15/9-F-15 D,5,18,-0.16194056869172282
F1C_ON,2014-04-01,2016-03-31,15/9-F-4,15/9-F-15 D,6,17,0.08939680457576389
F1C_ON,2014-04-01,2016-03-31,15/9-F-4,15/9-F-1 C,0,23,0.4467897039408293
F1C_ON,2014-04-01,2016-03-31,15/9-F-4,15/9-F-1 C,1,22,-0.5241185005738637
F1C_ON,2014-04-01,2016-03-31,15/9-F-4,15/9-F-1 C,2,21,-0.3297819844260485
F1C_ON,2014-04-01,2016-03-31,15/9-F-4,15/9-F-1 C,3,20,0.2804676260914738
F1C_ON,2014-04-01,2016-03-31,15/9-F-4,15/9-F-1 C,4,19,0.28375957464004786
F1C_ON,2014-04-01,2016-03-31,15/9-F-4,15/9-F-1 C,5,18,-0.26211281767747624
F1C_ON,2014-04-01,2016-03-31,15/9-F-4,15/9-F-1 C,6,17,-0.3314282475235927
F1C_ON,2014-04-01,2016-03-31,15/9-F-5,15/9-F-12,0,23,0.7062413638164232
F1C_ON,2014-04-01,2016-03-31,15/9-F-5,15/9-F-12,1,22,-0.016147430932835532
F1C_ON,2014-04-01,2016-03-31,15/9-F-5,15/9-F-12,2,21,-0.3329700868155636
F1C_ON,2014-04-01,2016-03-31,15/9-F-5,15/9-F-12,3,20,-0.20769443581850827
F1C_ON,2014-04-01,2016-03-31,15/9-F-5,15/9-F-12,4,19,0.40147919728248177
F1C_ON,2014-04-01,2016-03-31,15/9-F-5,15/9-F-12,5,18,0.04149091831879245
F1C_ON,2014-04-01,2016-03-31,15/9-F-5,15/9-F-12,6,17,-0.20342561747064064
F1C_ON,2014-04-01,2016-03-31,15/9-F-5,15/9-F-14,0,23,0.3049084013312713
F1C_ON,2014-04-01,2016-03-31,15/9-F-5,15/9-F-14,1,22,0.32733900115374615
F1C_ON,2014-04-01,2016-03-31,15/9-F-5,15/9-F-14,2,21,-0.19024290420641995
F1C_ON,2014-04-01,2016-03-31,15/9-F-5,15/9-F-14,3,20,-0.16560375996463053
F1C_ON,2014-04-01,2016-03-31,15/9-F-5,15/9-F-14,4,19,-0.13753203844162556
F1C_ON,2014-04-01,2016-03-31,15/9-F-5,15/9-F-14,5,18,-0.07580597129976871
F1C_ON,2014-04-01,2016-03-31,15/9-F-5,15/9-F-14,6,17,0.383132006468312
F1C_ON,2014-04-01,2016-03-31,15/9-F-5,15/9-F-11,0,23,0.449191949064476
F1C_ON,2014-04-01,2016-03-31,15/9-F-5,15/9-F-11,1,22,-0.010032101350069392
F1C_ON,2014-04-01,2016-03-31,15/9-F-5,15/9-F-11,2,21,-0.15238495932966353
F1C_ON,2014-04-01,2016-03-31,15/9-F-5,15/9-F-11,3,20,-0.1029609527114557
F1C_ON,2014-04-01,2016-03-31,15/9-F-5,15/9-F-11,4,19,-0.06119927683451361
F1C_ON,2014-04-01,2016-03-31,15/9-F-5,15/9-F-11,5,18,-0.14308797934930778
F1C_ON,2014-04-01,2016-03-31,15/9-F-5,15/9-F-11,6,17,0.1412589134534299
F1C_ON,2014-04-01,2016-03-31,15/9-F-5,15/9-F-15 D,0,23,0.6195593185086036
F1C_ON,2014-04-01,2016-03-31,15/9-F-5,15/9-F-15 D,1,22,-0.33771201035660137
F1C_ON,2014-04-01,2016-03-31,15/9-F-5,15/9-F-15 D,2,21,-0.2743549896638073
F1C_ON,2014-04-01,2016-03-31,15/9-F-5,15/9-F-15 D,3,20,0.04194196635575598
F1C_ON,2014-04-01,2016-03-31,15/9-F-5,15/9-F-15 D,4,19,0.32302531944479773
F1C_ON,2014-04-01,2016-03-31,15/9-F-5,15/9-F-15 D,5,18,-0.0526748527045521
F1C_ON,2014-04-01,2016-03-31,15/9-F-5,15/9-F-15 D,6,17,-0.023048750440261737
F1C_ON,2014-04-01,2016-03-31,15/9-F-5,15/9-F-1 C,0,23,0.5730412871470473
F1C_ON,2014-04-01,2016-03-31,15/9-F-5,15/9-F-1 C,1,22,-0.23640125880607887
F1C_ON,2014-04-01,2016-03-31,15/9-F-5,15/9-F-1 C,2,21,-0.4093071443254413
F1C_ON,2014-04-01,2016-03-31,15/9-F-5,15/9-F-1 C,3,20,-0.010985875233009135
F1C_ON,2014-04-01,2016-03-31,15/9-F-5,15/9-F-1 C,4,19,0.4293625114747953
F1C_ON,2014-04-01,2016-03-31,15/9-F-5,15/9-F-1 C,5,18,0.19895051181205028
F1C_ON,2014-04-01,2016-03-31,15/9-F-5,15/9-F-1 C,6,17,-0.5766302833754098
F5_CONVERSION,2016-04-01,2016-09-30,15/9-F-4,15/9-F-12,0,5,0.7014728948780163
F5_CONVERSION,2016-04-01,2016-09-30,15/9-F-4,15/9-F-14,0,5,0.5024139723301917
F5_CONVERSION,2016-04-01,2016-09-30,15/9-F-4,15/9-F-11,0,5,0.5200510154820106
F5_CONVERSION,2016-04-01,2016-09-30,15/9-F-4,15/9-F-15 D,0,5,0.43574887629707615
F5_CONVERSION,2016-04-01,2016-09-30,15/9-F-4,15/9-F-1 C,0,5,-0.8876462277764563
