injector,producer,lag_months,n,correlation,abs_corr
15/9-F-5,15/9-F-14,0,98,0.7466937474822382,0.7466937474822382
15/9-F-5,15/9-F-12,0,98,0.6899940518207168,0.6899940518207168
15/9-F-4,15/9-F-12,0,102,0.4732203481181877,0.4732203481181877
15/9-F-4,15/9-F-14,0,102,0.38470065522368685,0.38470065522368685
15/9-F-5,15/9-F-11,0,98,-0.3113577309830097,0.3113577309830097
15/9-F-4,15/9-F-15 D,9,96,-0.2015726287517611,0.2015726287517611
15/9-F-4,15/9-F-11,12,93,-0.18890194416863326,0.18890194416863326
15/9-F-5,15/9-F-15 D,0,98,-0.15722533080013748,0.15722533080013748
15/9-F-4,15/9-F-1 C,5,100,-0.10463417589158827,0.10463417589158827
15/9-F-5,15/9-F-1 C,6,95,-0.05993171405843222,0.05993171405843222
