,count,mean,std,min,1%,5%,25%,50%,75%,95%,99%,max
ON_STREAM_HRS,15349.0,19.994093477750994,8.369978226621603,0.0,0.0,0.0,24.0,24.0,24.0,24.0,24.0,25.0
AVG_DOWNHOLE_PRESSURE,8980.0,181.80386874557288,109.71236296627495,0.0,0.0,0.0,0.0,232.89693854166666,255.40145520780203,283.114218625,309.5513799999991,397.58855
AVG_DOWNHOLE_TEMPERATURE,8980.0,77.16296929961709,45.65794750924611,0.0,0.0,0.0,0.0,103.18668916666667,106.2765914835444,107.36062366666667,108.27734087291667,108.50217791666667
AVG_DP_TUBING,8980.0,154.02878674460212,76.75237276429652,0.0,0.0,26.649472885416667,83.66536130208333,175.58886135416668,204.31996421875002,238.40983623222306,302.10976,345.90677
AVG_ANNULUS_PRESS,7890.0,14.856100257893607,8.406822005218086,0.0,0.0,0.0,10.841436979166666,16.308598229166666,21.30612540896385,26.055368510416667,28.689229208333334,30.019828125
AVG_CHOKE_SIZE_P,8919.0,55.16853342029554,36.692924152914934,0.0,0.0,0.8933615833333335,18.952989062500002,52.09687666666667,99.92428802083333,100.0,100.0,100.0
AVG_WHP_P,9155.0,45.37781073407219,24.752631119134062,0.0,0.0,3.423994000000004,31.148061666666667,37.933619791666665,57.101268437499996,95.81805716666666,116.94231969805594,137.31103
AVG_WHT_P,9146.0,67.7284402118993,27.719027718942336,0.0,0.0,8.15058,56.57783385416667,80.07125041666666,88.06220223958333,91.29197575797872,92.21588917708333,93.50958395833334
DP_CHOKE_SIZE,15340.0,11.441059779520826,19.81692753245266,0.0,0.0,0.0,0.0,2.3849690137411343,13.765019532784677,56.20166183931736,90.29479930000005,125.71857
BORE_OIL_VOL,9161.0,1095.6315478659537,1323.5381509928388,0.0,0.0,0.0,190.69,557.55,1345.2,4403.93,5271.134,5901.84
BORE_GAS_VOL,9161.0,161049.05970308915,188136.41043436952,0.0,0.0,0.0,29430.59,87749.66,202482.3,623072.24,762043.2139999999,851131.52
BORE_WAT_VOL,9161.0,1672.1513317323436,1706.9828532909771,-457.84,0.0,0.0,19.87,1097.79,3260.95,4652.08,5240.581999999999,8019.74
BORE_WI_VOL,5706.0,5315.480815123998,2181.4866952444218,0.0,0.0,0.0,4338.204673697917,5504.7397690625,6781.0580403125,8578.568920156249,9000.0,10013.6
