year,months,total_WI,mean_monthly_WI,total_LIQ,mean_monthly_LIQ
2007,4,0.0,0.0,0.0,0.0
2008,12,2417769.9915041733,201480.83262534777,1787884.09,148990.34083333335
2009,12,4392197.615270118,366016.46793917654,2916495.78,243041.31499999997
2010,12,4569394.402340608,380782.8668617173,3577497.33,298124.7775
2011,12,3442446.497909669,286870.5414924724,3038605.68,253217.14
2012,12,2975214.1062969477,247934.50885807897,2683807.96,223650.66333333333
2013,12,3453761.278360958,287813.43986341316,3134378.32,261198.19333333333
2014,12,3825493.4012927297,318791.1167743941,3459178.41,288264.8675
2015,12,3201627.4744100375,266802.2895341698,2871574.92,239297.91
2016,12,2052228.7637122918,171019.06364269098,1831542.61,152628.55083333334
