injector,producer,lag_months,n,correlation
15/9-F-4,15/9-F-12,0,102,0.4732203481181877
15/9-F-4,15/9-F-12,1,102,0.16961944109518248
15/9-F-4,15/9-F-12,2,102,-0.009223766242937052
15/9-F-4,15/9-F-12,3,102,0.017519230001338724
15/9-F-4,15/9-F-12,4,101,-0.05441407287667642
15/9-F-4,15/9-F-12,5,100,-0.015185243792478416
15/9-F-4,15/9-F-12,6,99,0.042316706271649136
15/9-F-4,15/9-F-12,7,98,-0.037392011127849324
15/9-F-4,15/9-F-12,8,97,-0.03833304702802088
15/9-F-4,15/9-F-12,9,96,-0.024908998357599684
15/9-F-4,15/9-F-12,10,95,0.1081797836229151
15/9-F-4,15/9-F-12,11,94,0.1614345224613315
15/9-F-4,15/9-F-12,12,93,0.02328299282520859
15/9-F-4,15/9-F-14,0,102,0.38470065522368685
15/9-F-4,15/9-F-14,1,102,0.19039220666071419
15/9-F-4,15/9-F-14,2,102,0.022180839080324758
15/9-F-4,15/9-F-14,3,102,0.05129570587840047
15/9-F-4,15/9-F-14,4,101,-0.023381729402784813
15/9-F-4,15/9-F-14,5,100,-0.03045100255099752
15/9-F-4,15/9-F-14,6,99,0.01594293567410422
15/9-F-4,15/9-F-14,7,98,0.06614147224555318
15/9-F-4,15/9-F-14,8,97,0.13853276938691528
15/9-F-4,15/9-F-14,9,96,0.1333453462330502
15/9-F-4,15/9-F-14,10,95,0.2269745678827619
15/9-F-4,15/9-F-14,11,94,0.2789238673955724
15/9-F-4,15/9-F-14,12,93,0.18580149865606552
15/9-F-4,15/9-F-11,0,102,0.024428712454182794
15/9-F-4,15/9-F-11,1,102,0.03995886901562889
15/9-F-4,15/9-F-11,2,102,0.017552714696985775
15/9-F-4,15/9-F-11,3,102,-0.03336006287566899
15/9-F-4,15/9-F-11,4,101,-0.12508257012739393
15/9-F-4,15/9-F-11,5,100,-0.18796242340985903
15/9-F-4,15/9-F-11,6,99,-0.18396633030517126
15/9-F-4,15/9-F-11,7,98,-0.1600442797269001
15/9-F-4,15/9-F-11,8,97,-0.13377649372895764
15/9-F-4,15/9-F-11,9,96,-0.11550233635463811
15/9-F-4,15/9-F-11,10,95,-0.14162762840860618
15/9-F-4,15/9-F-11,11,94,-0.17820985468205663
15/9-F-4,15/9-F-11,12,93,-0.18890194416863326
15/9-F-4,15/9-F-15 D,0,102,0.11213807336898093
15/9-F-4,15/9-F-15 D,1,102,0.005577605413701687
15/9-F-4,15/9-F-15 D,2,102,-0.06163964429063887
15/9-F-4,15/9-F-15 D,3,102,-0.07791648379882034
15/9-F-4,15/9-F-15 D,4,101,-0.12637663255824488
15/9-F-4,15/9-F-15 D,5,100,-0.13666073846083068
15/9-F-4,15/9-F-15 D,6,99,-0.1261054980518746
15/9-F-4,15/9-F-15 D,7,98,-0.1350636825702559
15/9-F-4,15/9-F-15 D,8,97,-0.18078141718151713
15/9-F-4,15/9-F-15 D,9,96,-0.2015726287517611
15/9-F-4,15/9-F-15 D,10,95,-0.1740803444688428
15/9-F-4,15/9-F-15 D,11,94,-0.14102659726443692
15/9-F-4,15/9-F-15 D,12,93,-0.14287461875074647
15/9-F-4,15/9-F-1 C,0,102,0.007433273051364919
15/9-F-4,15/9-F-1 C,1,102,-0.07568669979496709
15/9-F-4,15/9-F-1 C,2,102,-0.08860652392666879
15/9-F-4,15/9-F-1 C,3,102,-0.055433158039663
15/9-F-4,15/9-F-1 C,4,101,-0.06692353942360335
15/9-F-4,15/9-F-1 C,5,100,-0.10463417589158827
15/9-F-4,15/9-F-1 C,6,99,-0.09259473504244548
15/9-F-4,15/9-F-1 C,7,98,-0.04289912337992829
15/9-F-4,15/9-F-1 C,8,97,-0.05137763157884916
15/9-F-4,15/9-F-1 C,9,96,-0.07078653438485517
15/9-F-4,15/9-F-1 C,10,95,-0.07547752356167922
15/9-F-4,15/9-F-1 C,11,94,-0.04123899977642924
15/9-F-4,15/9-F-1 C,12,93,-0.0565722883437771
15/9-F-5,15/9-F-12,0,98,0.6899940518207168
15/9-F-5,15/9-F-12,1,98,0.473452931845033
15/9-F-5,15/9-F-12,2,98,0.3024404485962921
15/9-F-5,15/9-F-12,3,98,0.31154829768393333
15/9-F-5,15/9-F-12,4,97,0.31458204219330044
15/9-F-5,15/9-F-12,5,96,0.33819859233081695
15/9-F-5,15/9-F-12,6,95,0.3436444101801675
15/9-F-5,15/9-F-12,7,95,0.23466678452166548
15/9-F-5,15/9-F-12,8,94,0.08783956415123996
15/9-F-5,15/9-F-12,9,93,0.017366704360176264
15/9-F-5,15/9-F-12,10,92,0.16415829852078342
15/9-F-5,15/9-F-12,11,91,0.22007968085047663
15/9-F-5,15/9-F-12,12,90,0.11280615020177269
15/9-F-5,15/9-F-14,0,98,0.7466937474822382
15/9-F-5,15/9-F-14,1,98,0.5483198801464237
15/9-F-5,15/9-F-14,2,98,0.40121786204223814
15/9-F-5,15/9-F-14,3,98,0.5349624150151193
15/9-F-5,15/9-F-14,4,97,0.4990027753403587
15/9-F-5,15/9-F-14,5,96,0.4658815001076488
15/9-F-5,15/9-F-14,6,95,0.39174213853653267
15/9-F-5,15/9-F-14,7,95,0.31402608512045205
15/9-F-5,15/9-F-14,8,94,0.29908547062583146
15/9-F-5,15/9-F-14,9,93,0.2109584504370807
15/9-F-5,15/9-F-14,10,92,0.3130170391416783
15/9-F-5,15/9-F-14,11,91,0.35528753477787883
15/9-F-5,15/9-F-14,12,90,0.232256562189385
15/9-F-5,15/9-F-11,0,98,-0.3113577309830097
15/9-F-5,15/9-F-11,1,98,-0.2638950298684336
15/9-F-5,15/9-F-11,2,98,-0.20281794448948548
15/9-F-5,15/9-F-11,3,98,-0.17030168283343222
15/9-F-5,15/9-F-11,4,97,-0.17313966982755033
15/9-F-5,15/9-F-11,5,96,-0.12376101617795404
15/9-F-5,15/9-F-11,6,95,-0.1016619605151944
15/9-F-5,15/9-F-11,7,95,-0.10353169301451817
15/9-F-5,15/9-F-11,8,94,-0.14010207360879462
15/9-F-5,15/9-F-11,9,93,-0.1629569647763081
15/9-F-5,15/9-F-11,10,92,-0.16694634767909988
15/9-F-5,15/9-F-11,11,91,-0.18122095516632797
15/9-F-5,15/9-F-11,12,90,-0.19479122727386386
15/9-F-5,15/9-F-15 D,0,98,-0.15722533080013748
15/9-F-5,15/9-F-15 D,1,98,-0.1530802850928648
15/9-F-5,15/9-F-15 D,2,98,-0.08832609058332795
15/9-F-5,15/9-F-15 D,3,98,-0.011235852190537752
15/9-F-5,15/9-F-15 D,4,97,-0.0070031990949779655
15/9-F-5,15/9-F-15 D,5,96,-0.034294869821203104
15/9-F-5,15/9-F-15 D,6,95,-0.06270075666210359
15/9-F-5,15/9-F-15 D,7,95,-0.076132204073142
15/9-F-5,15/9-F-15 D,8,94,-0.10978427784346433
15/9-F-5,15/9-F-15 D,9,93,-0.15260205086327228
15/9-F-5,15/9-F-15 D,10,92,-0.14659439157858115
15/9-F-5,15/9-F-15 D,11,91,-0.11629731313051292
15/9-F-5,15/9-F-15 D,12,90,-0.12190866614552417
15/9-F-5,15/9-F-1 C,0,98,-0.019308932437913
15/9-F-5,15/9-F-1 C,1,98,-0.021663779535848537
15/9-F-5,15/9-F-1 C,2,98,-0.0369729161115138
15/9-F-5,15/9-F-1 C,3,98,-0.030164910165008472
15/9-F-5,15/9-F-1 C,4,97,-0.023408424221823508
15/9-F-5,15/9-F-1 C,5,96,-0.03534129678407477
15/9-F-5,15/9-F-1 C,6,95,-0.05993171405843222
15/9-F-5,15/9-F-1 C,7,95,-0.03168082431348872
15/9-F-5,15/9-F-1 C,8,94,-0.04029265115361966
15/9-F-5,15/9-F-1 C,9,93,-0.041735005949160194
15/9-F-5,15/9-F-1 C,10,92,-0.04374149824778874
15/9-F-5,15/9-F-1 C,11,91,-0.018045790182945606
15/9-F-5,15/9-F-1 C,12,90,-0.03311054209090585
