column,missing_count,missing_pct,non_null_count
DATEPRD,0,0.0,15634
WELL_BORE_CODE,0,0.0,15634
NPD_WELL_BORE_CODE,0,0.0,15634
NPD_WELL_BORE_NAME,0,0.0,15634
NPD_FIELD_CODE,0,0.0,15634
NPD_FIELD_NAME,0,0.0,15634
NPD_FACILITY_CODE,0,0.0,15634
NPD_FACILITY_NAME,0,0.0,15634
ON_STREAM_HRS,285,1.822949980811053,15349
AVG_DOWNHOLE_PRESSURE,6654,42.56108481514648,8980
AVG_DOWNHOLE_TEMPERATURE,6654,42.56108481514648,8980
AVG_DP_TUBING,6654,42.56108481514648,8980
AVG_ANNULUS_PRESS,7744,49.53306895228348,7890
AVG_CHOKE_SIZE_P,6715,42.951260074197265,8919
AVG_CHOKE_UOM,6473,41.40335166943841,9161
AVG_WHP_P,6479,41.44172956377127,9155
AVG_WHT_P,6488,41.49929640527056,9146
DP_CHOKE_SIZE,294,1.8805168223103492,15340
BORE_OIL_VOL,6473,41.40335166943841,9161
BORE_GAS_VOL,6473,41.40335166943841,9161
BORE_WAT_VOL,6473,41.40335166943841,9161
BORE_WI_VOL,9928,63.50262248944608,5706
FLOW_KIND,0,0.0,15634
WELL_TYPE,0,0.0,15634
