injector,producer,horizon_months,n_events,event_corr
15/9-F-4,15/9-F-12,0,21,0.7009681574936366
15/9-F-4,15/9-F-12,1,21,0.5940494297068284
15/9-F-4,15/9-F-12,2,21,0.42341514847880907
15/9-F-4,15/9-F-14,0,21,0.5881416340223113
15/9-F-4,15/9-F-14,1,21,0.48179634406568433
15/9-F-4,15/9-F-14,2,21,0.3678230417227853
15/9-F-4,15/9-F-11,0,21,0.06273950750373981
15/9-F-4,15/9-F-11,1,21,0.12075263292139354
15/9-F-4,15/9-F-11,2,21,0.19287272890845145
15/9-F-4,15/9-F-15 D,0,21,0.27149025887498585
15/9-F-4,15/9-F-15 D,1,21,0.1459168272858937
15/9-F-4,15/9-F-15 D,2,21,0.1446053867930424
15/9-F-4,15/9-F-1 C,0,21,0.050385472004267184
15/9-F-4,15/9-F-1 C,1,21,-0.23070927658402107
15/9-F-4,15/9-F-1 C,2,21,-0.24924301075603497
15/9-F-5,15/9-F-12,0,19,0.7018048209167944
15/9-F-5,15/9-F-12,1,19,0.4812971099312473
15/9-F-5,15/9-F-12,2,19,0.3110120605739943
15/9-F-5,15/9-F-14,0,19,0.7141042625080631
15/9-F-5,15/9-F-14,1,19,0.5908425067280301
15/9-F-5,15/9-F-14,2,19,0.22909197700731176
15/9-F-5,15/9-F-11,0,19,0.3165978673867022
15/9-F-5,15/9-F-11,1,19,0.281179387354189
15/9-F-5,15/9-F-11,2,19,0.2676358681871553
15/9-F-5,15/9-F-15 D,0,19,-0.2781317852636861
15/9-F-5,15/9-F-15 D,1,19,-0.2781317852636861
15/9-F-5,15/9-F-15 D,2,19,-0.2781317852636861
15/9-F-5,15/9-F-1 C,0,19,0.2781317852636861
15/9-F-5,15/9-F-1 C,1,19,0.2781317852636861
15/9-F-5,15/9-F-1 C,2,19,0.2781317852636861
